-- phpMyAdmin SQL Dump
-- version 4.8.4
-- https://www.phpmyadmin.net/
--
-- Servidor: 127.0.0.1
-- Tiempo de generación: 07-04-2019 a las 18:53:22
-- Versión del servidor: 10.1.37-MariaDB
-- Versión de PHP: 7.3.1

SET SQL_MODE = "NO_AUTO_VALUE_ON_ZERO";
SET AUTOCOMMIT = 0;
START TRANSACTION;
SET time_zone = "+00:00";


/*!40101 SET @OLD_CHARACTER_SET_CLIENT=@@CHARACTER_SET_CLIENT */;
/*!40101 SET @OLD_CHARACTER_SET_RESULTS=@@CHARACTER_SET_RESULTS */;
/*!40101 SET @OLD_COLLATION_CONNECTION=@@COLLATION_CONNECTION */;
/*!40101 SET NAMES utf8mb4 */;

--
-- Base de datos: `see`
--

DELIMITER $$
--
-- Procedimientos
--
CREATE DEFINER=`root`@`localhost` PROCEDURE `did_vote` (IN `p_email` VARCHAR(32), IN `p_n` INT)  BEGIN 
SELECT 
        count(*) as done 
    FROM votante v
        JOIN medio_votacion m ON v.email = m.email 
        JOIN sala_votacion s ON m.numero = s.numero 
    WHERE v.email = p_email 
        AND s.numero = p_n ;
    END$$

CREATE DEFINER=`root`@`localhost` PROCEDURE `get_candidates` (IN `n` INT)  BEGIN 
    SELECT v.nombre, p.post_email
        FROM postulante p 
            JOIN votante v ON p.post_email = v.email 
            JOIN sala_votacion s ON p.sala_num = s.numero 
        WHERE s.numero = n 
        ORDER BY v.nombre
    ;
    END$$

CREATE DEFINER=`root`@`localhost` PROCEDURE `get_votes_count` (IN `i` INT)  BEGIN 
  SELECT v.email, v.nombre, count(*) AS votes_count
    FROM see.medio_votacion m 
      INNER JOIN see.votante v ON m.post_email = v.email 
    WHERE m.numero = i
    GROUP BY post_email
    ORDER BY votes_count DESC
  ;
  END$$

DELIMITER ;

-- --------------------------------------------------------

--
-- Estructura de tabla para la tabla `medio_votacion`
--

CREATE TABLE `medio_votacion` (
  `post_email` varchar(32) NOT NULL,
  `email` varchar(32) NOT NULL,
  `numero` int(11) NOT NULL
) ENGINE=InnoDB DEFAULT CHARSET=utf8;

--
-- Volcado de datos para la tabla `medio_votacion`
--

INSERT INTO `medio_votacion` (`post_email`, `email`, `numero`) VALUES
('AAAC670607@hotmail.com', 'RUBM600910@hotmail.com', 1),
('AAAJ410118@hotmail.com', 'GABR450924@hotmail.com', 8),
('AAER600805@hotmail.com', 'ROOP561012@hotmail.com', 7),
('AAFD851118@hotmail.com', 'AIGE760708@hotmail.com', 1),
('AAFD851118@hotmail.com', 'RIRL780924@hotmail.com', 1),
('AAGG570404@hotmail.com', 'VIRC600318@hotmail.com', 7),
('AAIA810312@hotmail.com', 'CACN810816@hotmail.com', 1),
('AAMA580502@hotmail.com', 'MAPG741025@hotmail.com', 1),
('AAMJ550319@hotmail.com', 'ROOR690527@hotmail.com', 1),
('AAOE530715@hotmail.com', 'AUFB570717@hotmail.com', 7),
('AAOE530715@hotmail.com', 'BESH660721@hotmail.com', 7),
('AAOE530715@hotmail.com', 'ROLA460505@hotmail.com', 7),
('AARE791201@hotmail.com', 'BABE570407@hotmail.com', 1),
('AEMA610302@hotmail.com', 'SALJ650711@hotmail.com', 7),
('AIRR361024@hotmail.com', 'GUTA410412@hotmail.com', 8),
('AIRR361024@hotmail.com', 'TORM471203@hotmail.com', 8),
('AIVJ410529@hotmail.com', 'AASR630322@hotmail.com', 7),
('AIVJ410529@hotmail.com', 'GAHE570925@hotmail.com', 7),
('AIVJ410529@hotmail.com', 'PEOE560828@hotmail.com', 7),
('AOAR441112@hotmail.com', 'BEMB431109@hotmail.com', 8),
('AOAR441112@hotmail.com', 'GAHG471123@hotmail.com', 8),
('AOOE651222@hotmail.com', 'CAAH551119@hotmail.com', 7),
('AOOE651222@hotmail.com', 'GAGA651215@hotmail.com', 7),
('AOOE651222@hotmail.com', 'ROPA550531@hotmail.com', 7),
('AOTS630428@hotmail.com', 'GAHF630822@hotmail.com', 7),
('AUAJ590101@hotmail.com', 'AUCJ600223@hotmail.com', 7),
('AUAJ590101@hotmail.com', 'JUSM570722@hotmail.com', 7),
('AUCJ600223@hotmail.com', 'BIMR670106@hotmail.com', 7),
('AUFB570717@hotmail.com', 'VESG530225@hotmail.com', 7),
('AULC650915@hotmail.com', 'CUPS631212@hotmail.com', 1),
('AULC650915@hotmail.com', 'NERM870525@hotmail.com', 1),
('AUMF640309@hotmail.com', 'EEUS570818@hotmail.com', 7),
('AUTV660101@hotmail.com', 'CUVA600612@hotmail.com', 1),
('AUTV660101@hotmail.com', 'GACJ590822@hotmail.com', 1),
('AUTV660101@hotmail.com', 'MEDC870705@hotmail.com', 1),
('BAEE770115@hotmail.com', 'CEPP650317@hotmail.com', 1),
('BAEE770115@hotmail.com', 'SOMM790430@hotmail.com', 1),
('BAGA541105@hotmail.com', 'RALT520821@hotmail.com', 1),
('BAGA541105@hotmail.com', 'SILL681102@hotmail.com', 1),
('BALH681010@hotmail.com', 'BEEJ580206@hotmail.com', 7),
('BALH681010@hotmail.com', 'MOHV680927@hotmail.com', 7),
('BALH681010@hotmail.com', 'VIHA670801@hotmail.com', 7),
('BANL531018@hotmail.com', 'PEPJ550328@hotmail.com', 7),
('BASR381220@hotmail.com', 'JAVD540613@hotmail.com', 3),
('BAVD370403@hotmail.com', 'AUBF470810@hotmail.com', 8),
('BEEJ580206@hotmail.com', 'CECD550401@hotmail.com', 7),
('BEMG581122@hotmail.com', 'SIGG840712@hotmail.com', 1),
('BIMR670106@hotmail.com', 'QUMR681113@hotmail.com', 7),
('BOMJ600427@hotmail.com', 'BAHH520810@hotmail.com', 1),
('BUAI920831@hotmail.com', 'GUHE740114@hotmail.com', 1),
('BUGT430510@hotmail.com', 'MOAC701121@hotmail.com', 7),
('CAAA660515@hotmail.com', 'GUMG560331@hotmail.com', 7),
('CAAA660515@hotmail.com', 'RASF610711@hotmail.com', 7),
('CAAA660515@hotmail.com', 'VAAL680202@hotmail.com', 7),
('CAAE620708@hotmail.com', 'SATR610723@hotmail.com', 7),
('CAAE620708@hotmail.com', 'VARA570908@hotmail.com', 7),
('CAAG560830@hotmail.com', 'ROHI710319@hotmail.com', 1),
('CAAH551119@hotmail.com', 'GAMC530827@hotmail.com', 7),
('CABI750704@hotmail.com', 'DEAV540628@hotmail.com', 1),
('CABI750704@hotmail.com', 'FOGR691218@hotmail.com', 1),
('CABI750704@hotmail.com', 'GODA750831@hotmail.com', 1),
('CABI750704@hotmail.com', 'GUSV811105@hotmail.com', 1),
('CABM811007@hotmail.com', 'POMP800723@hotmail.com', 1),
('CABM811007@hotmail.com', 'RORR590111@hotmail.com', 1),
('CABM811007@hotmail.com', 'SOOE761215@hotmail.com', 1),
('CACN810816@hotmail.com', 'ROAJ530902@hotmail.com', 1),
('CADB581204@hotmail.com', 'ROAB630611@hotmail.com', 7),
('CADR791106@hotmail.com', 'CADR791106@hotmail.com', 3),
('CAFA661128@hotmail.com', 'NACF571118@hotmail.com', 7),
('CAFA661128@hotmail.com', 'PERJ440727@hotmail.com', 7),
('CAFJ811202@hotmail.com', 'GUSJ751114@hotmail.com', 1),
('CAFJ811202@hotmail.com', 'TOBE620920@hotmail.com', 1),
('CAGD601102@hotmail.com', 'FOMS580218@hotmail.com', 7),
('CAGE550405@hotmail.com', 'GOCJ540509@hotmail.com', 7),
('CAGG640505@hotmail.com', 'VISE630124@hotmail.com', 7),
('CAGL570825@hotmail.com', 'RORM630319@hotmail.com', 7),
('CAGX671023@hotmail.com', 'CADB581204@hotmail.com', 7),
('CAGX671023@hotmail.com', 'QUVH590512@hotmail.com', 7),
('CAJC500324@hotmail.com', 'LOUS630530@hotmail.com', 1),
('CAJC700425@hotmail.com', 'RUZJ530430@hotmail.com', 7),
('CALA700920@hotmail.com', 'CABI750704@hotmail.com', 1),
('CALA700920@hotmail.com', 'GUDE820907@hotmail.com', 1),
('CALA700920@hotmail.com', 'MAPD850325@hotmail.com', 1),
('CAMA630623@hotmail.com', 'MEGS581117@hotmail.com', 7),
('CAOM641215@hotmail.com', 'GOLU570429@hotmail.com', 7),
('CAOM641215@hotmail.com', 'SAPL540211@hotmail.com', 7),
('CAOV650225@hotmail.com', 'CAGN631226@hotmail.com', 7),
('CAOV650225@hotmail.com', 'SAGG641221@hotmail.com', 7),
('CAPM560515@hotmail.com', 'IIAY431021@hotmail.com', 7),
('CAPM560515@hotmail.com', 'PEMI611213@hotmail.com', 7),
('CARA550419@hotmail.com', 'MARR730921@hotmail.com', 1),
('CARE870706@hotmail.com', 'EARG821010@hotmail.com', 1),
('CARE870706@hotmail.com', 'MABV750223@hotmail.com', 1),
('CATJ800217@hotmail.com', 'AAFD851118@hotmail.com', 1),
('CATJ800217@hotmail.com', 'AUTV660101@hotmail.com', 1),
('CATJ800217@hotmail.com', 'SACC820315@hotmail.com', 1),
('CAVM560102@hotmail.com', 'FAGA530612@hotmail.com', 7),
('CAVM560102@hotmail.com', 'ROSA580505@hotmail.com', 7),
('CAVS680901@hotmail.com', 'MARL600702@hotmail.com', 7),
('CAVS680901@hotmail.com', 'OOSN660502@hotmail.com', 7),
('CAVS680901@hotmail.com', 'OUGU580124@hotmail.com', 7),
('CEBL641209@hotmail.com', 'JULM671105@hotmail.com', 1),
('CECD550401@hotmail.com', 'BUGT430510@hotmail.com', 7),
('CEEV640206@hotmail.com', 'LIFM570506@hotmail.com', 7),
('CEEV640206@hotmail.com', 'SARM501017@hotmail.com', 7),
('CEGG770409@hotmail.com', 'REHA740406@hotmail.com', 1),
('CEPP650317@hotmail.com', 'IANE820517@hotmail.com', 1),
('CICM700907@hotmail.com', 'HEBP580102@hotmail.com', 1),
('CICM700907@hotmail.com', 'SALO680206@hotmail.com', 1),
('CICM700907@hotmail.com', 'VABA721101@hotmail.com', 1),
('CIDP680624@hotmail.com', 'GUTF561129@hotmail.com', 7),
('COAM650109@hotmail.com', 'CAGD601102@hotmail.com', 7),
('COAM650109@hotmail.com', 'CAOM641215@hotmail.com', 7),
('COAM650109@hotmail.com', 'MAMS570302@hotmail.com', 7),
('COGX700718@hotmail.com', 'CAAG560830@hotmail.com', 1),
('COJD560226@hotmail.com', 'MAPM660426@hotmail.com', 7),
('COMS580919@hotmail.com', 'LOAP630409@hotmail.com', 7),
('COMS580919@hotmail.com', 'MOSF661214@hotmail.com', 7),
('COMS580919@hotmail.com', 'VISH570106@hotmail.com', 7),
('COSL680114@hotmail.com', 'CABM811007@hotmail.com', 1),
('COVC500403@hotmail.com', 'ROOD790509@hotmail.com', 1),
('CUAE610405@hotmail.com', 'MORE680104@hotmail.com', 7),
('CUAE610405@hotmail.com', 'SAMG560528@hotmail.com', 7),
('CUBB650629@hotmail.com', 'CAVM560102@hotmail.com', 7),
('CUDJ700330@hotmail.com', 'PEDH721121@hotmail.com', 1),
('CUPA641214@hotmail.com', 'VARB570219@hotmail.com', 7),
('CUPS631212@hotmail.com', 'FERA561101@hotmail.com', 1),
('CUPS631212@hotmail.com', 'PESL790811@hotmail.com', 1),
('DUVM620927@hotmail.com', 'BANL531018@hotmail.com', 7),
('EAGC770416@hotmail.com', 'GARJ640319@hotmail.com', 1),
('EAGC770416@hotmail.com', 'JIMA610709@hotmail.com', 1),
('EAGC770416@hotmail.com', 'MOMA530924@hotmail.com', 1),
('EAGC770416@hotmail.com', 'PAGC570307@hotmail.com', 1),
('EAMM710909@hotmail.com', 'RISR610808@hotmail.com', 1),
('EARG821010@hotmail.com', 'MORA621123@hotmail.com', 1),
('EEGG660911@hotmail.com', 'CAGE550405@hotmail.com', 7),
('EIVA450412@hotmail.com', 'MADG430608@hotmail.com', 8),
('EIVI600524@hotmail.com', 'MANK750818@hotmail.com', 1),
('EUMA630826@hotmail.com', 'KEML370228@hotmail.com', 7),
('FAGA530612@hotmail.com', 'AAMJ470215@hotmail.com', 7),
('FAGA530612@hotmail.com', 'PEPM451130@hotmail.com', 7),
('FAGA530612@hotmail.com', 'RIJR571220@hotmail.com', 7),
('FAGJ781015@hotmail.com', 'GUAJ850112@hotmail.com', 1),
('FATE610606@hotmail.com', 'CUPA641214@hotmail.com', 7),
('FATE610606@hotmail.com', 'GACG621104@hotmail.com', 7),
('FERA561101@hotmail.com', 'CALA700920@hotmail.com', 1),
('FERA561101@hotmail.com', 'HEMP610409@hotmail.com', 1),
('FERA561101@hotmail.com', 'RAAA740815@hotmail.com', 1),
('FERA561101@hotmail.com', 'SAEB601008@hotmail.com', 1),
('FOBF680603@hotmail.com', 'IAPE721117@hotmail.com', 1),
('FOGR691218@hotmail.com', 'OELE810505@hotmail.com', 1),
('FOMS580218@hotmail.com', 'RAPM631028@hotmail.com', 7),
('GAAA630612@hotmail.com', 'GOCA520427@hotmail.com', 7),
('GAAJ580420@hotmail.com', 'SUAS530117@hotmail.com', 7),
('GABJ630131@hotmail.com', 'ZASE420615@hotmail.com', 7),
('GABR450924@hotmail.com', 'BAVD370403@hotmail.com', 8),
('GABR450924@hotmail.com', 'RISJ410709@hotmail.com', 8),
('GACG621104@hotmail.com', 'AIVJ410529@hotmail.com', 7),
('GACH581217@hotmail.com', 'SARA500917@hotmail.com', 7),
('GACH581217@hotmail.com', 'SEPS580912@hotmail.com', 7),
('GACJ590822@hotmail.com', 'GARV801005@hotmail.com', 1),
('GACM710712@hotmail.com', 'VECK781228@hotmail.com', 1),
('GADF790414@hotmail.com', 'AAIA810312@hotmail.com', 1),
('GAGA651215@hotmail.com', 'CURE671008@hotmail.com', 7),
('GAGA651215@hotmail.com', 'ROOL570306@hotmail.com', 7),
('GAGL620822@hotmail.com', 'AARE791201@hotmail.com', 1),
('GAGL620822@hotmail.com', 'CARE870706@hotmail.com', 1),
('GAGL620822@hotmail.com', 'HEIM680226@hotmail.com', 1),
('GAHG471123@hotmail.com', 'REGJ420909@hotmail.com', 8),
('GALL661221@hotmail.com', 'BEHM730706@hotmail.com', 1),
('GALL661221@hotmail.com', 'PALG831114@hotmail.com', 1),
('GAMC530827@hotmail.com', 'CEQI610121@hotmail.com', 7),
('GAPC680404@hotmail.com', 'PAOA571102@hotmail.com', 7),
('GARJ640319@hotmail.com', 'CARA550419@hotmail.com', 1),
('GARV801005@hotmail.com', 'GUGM570426@hotmail.com', 1),
('GARV801005@hotmail.com', 'TEMG631204@hotmail.com', 1),
('GASA810421@hotmail.com', 'GUAV770529@hotmail.com', 1),
('GAVS530520@hotmail.com', 'SOAE590718@hotmail.com', 7),
('GIGJ590910@hotmail.com', 'IACA610703@hotmail.com', 7),
('GOCJ540509@hotmail.com', 'CUBB650629@hotmail.com', 7),
('GOCL610302@hotmail.com', 'PEMV670606@hotmail.com', 7),
('GOCL610302@hotmail.com', 'SARL560604@hotmail.com', 7),
('GOEE930613@hotmail.com', 'MERA550906@hotmail.com', 1),
('GOFA671026@hotmail.com', 'SAME770202@hotmail.com', 1),
('GOHG580525@hotmail.com', 'BAFM531103@hotmail.com', 7),
('GOHL460918@hotmail.com', 'BASR381220@hotmail.com', 3),
('GOLU570429@hotmail.com', 'MOAC651030@hotmail.com', 7),
('GOML560209@hotmail.com', 'GORA611230@hotmail.com', 7),
('GOML560209@hotmail.com', 'MAPO581026@hotmail.com', 7),
('GOPP651210@hotmail.com', 'PICA790917@hotmail.com', 1),
('GORA611230@hotmail.com', 'COPJ590902@hotmail.com', 7),
('GORJ580113@hotmail.com', 'SERE560311@hotmail.com', 7),
('GOVA480616@hotmail.com', 'AABS460521@hotmail.com', 8),
('GOVA480616@hotmail.com', 'AERL450609@hotmail.com', 8),
('GOVA480616@hotmail.com', 'MAFJ450121@hotmail.com', 8),
('GOVN621207@hotmail.com', 'MALA861025@hotmail.com', 1),
('GOZA600901@hotmail.com', 'GACI590603@hotmail.com', 1),
('GOZA600901@hotmail.com', 'SAMJ740319@hotmail.com', 1),
('GUAV770529@hotmail.com', 'TOPE551216@hotmail.com', 1),
('GUCE590602@hotmail.com', 'BALH681010@hotmail.com', 7),
('GUCE590602@hotmail.com', 'PAGI560421@hotmail.com', 7),
('GUHE740114@hotmail.com', 'SAHF780227@hotmail.com', 1),
('GULR860123@hotmail.com', 'CUDJ700330@hotmail.com', 1),
('GUPE640521@hotmail.com', 'JEHJ620923@hotmail.com', 1),
('GUPE640521@hotmail.com', 'MACM640411@hotmail.com', 1),
('GURJ720122@hotmail.com', 'CANC800416@hotmail.com', 1),
('GUSJ751114@hotmail.com', 'SUCA511123@hotmail.com', 1),
('GUSJ751114@hotmail.com', 'TOAF601224@hotmail.com', 1),
('GUTA410412@hotmail.com', 'AIRR361024@hotmail.com', 8),
('GUTA410412@hotmail.com', 'HEGR450905@hotmail.com', 8),
('GUTA410412@hotmail.com', 'MESL420327@hotmail.com', 8),
('GUTF561129@hotmail.com', 'NAHG510514@hotmail.com', 7),
('GUTF561129@hotmail.com', 'RIHF580501@hotmail.com', 7),
('HALM580923@hotmail.com', 'POPG570126@hotmail.com', 7),
('HEAJ480905@hotmail.com', 'MOAS610429@hotmail.com', 7),
('HEGB680314@hotmail.com', 'GOMV580325@hotmail.com', 7),
('HEGJ590310@hotmail.com', 'CACG660118@hotmail.com', 7),
('HEGL560415@hotmail.com', 'CAGL570825@hotmail.com', 7),
('HEGP610330@hotmail.com', 'CAMA630623@hotmail.com', 7),
('HEGU731014@hotmail.com', 'GACI730704@hotmail.com', 1),
('HEHS611127@hotmail.com', 'HEVO590818@hotmail.com', 7),
('HEIM680226@hotmail.com', 'FAGJ781015@hotmail.com', 1),
('HEMA760104@hotmail.com', 'NAMJ870131@hotmail.com', 1),
('HEMA760104@hotmail.com', 'QUDN750305@hotmail.com', 1),
('HEMP610409@hotmail.com', 'DUMJ520111@hotmail.com', 1),
('HERA631206@hotmail.com', 'AULC650915@hotmail.com', 1),
('HERA631206@hotmail.com', 'TOEL840404@hotmail.com', 1),
('HEVO590818@hotmail.com', 'MAJV541230@hotmail.com', 7),
('HUAE800531@hotmail.com', 'TORG630413@hotmail.com', 1),
('IACA610703@hotmail.com', 'GIGJ590910@hotmail.com', 7),
('IACA610703@hotmail.com', 'TAVL610516@hotmail.com', 7),
('IANE820517@hotmail.com', 'BOMJ600427@hotmail.com', 1),
('IAPE721117@hotmail.com', 'GOPP651210@hotmail.com', 1),
('IIAY431021@hotmail.com', 'VIAL571012@hotmail.com', 7),
('JAVD540613@hotmail.com', 'GOHL460918@hotmail.com', 3),
('JICJ500418@hotmail.com', 'PEME560514@hotmail.com', 7),
('JICJ500418@hotmail.com', 'REGG611025@hotmail.com', 7),
('JIGF420129@hotmail.com', 'MECE501109@hotmail.com', 8),
('JIMA610709@hotmail.com', 'NOVJ720424@hotmail.com', 1),
('JIMI631018@hotmail.com', 'BELA640913@hotmail.com', 7),
('JIMI631018@hotmail.com', 'MORC551103@hotmail.com', 7),
('JIPG660523@hotmail.com', 'MOGR571111@hotmail.com', 7),
('JULF841004@hotmail.com', 'CAJC500324@hotmail.com', 1),
('JULF841004@hotmail.com', 'ROCL700110@hotmail.com', 1),
('JUMM651228@hotmail.com', 'ROSL540909@hotmail.com', 7),
('KEML370228@hotmail.com', 'GAPC680404@hotmail.com', 7),
('LOAA770303@hotmail.com', 'AAAJ410118@hotmail.com', 1),
('LOAA770303@hotmail.com', 'MORA640123@hotmail.com', 1),
('LOAP630409@hotmail.com', 'MAAC530822@hotmail.com', 7),
('LOCS670617@hotmail.com', 'TORR491029@hotmail.com', 7),
('LOCS670617@hotmail.com', 'VEAE651027@hotmail.com', 7),
('LOFT610501@hotmail.com', 'CAFJ811202@hotmail.com', 1),
('LOFT610501@hotmail.com', 'OORC880806@hotmail.com', 1),
('LOGE810825@hotmail.com', 'BAAC641022@hotmail.com', 1),
('LOGE810825@hotmail.com', 'CEGG770409@hotmail.com', 1),
('LORC630708@hotmail.com', 'GAGL620822@hotmail.com', 1),
('LORC630708@hotmail.com', 'GULR860123@hotmail.com', 1),
('LORC630708@hotmail.com', 'MAIU850513@hotmail.com', 1),
('LORC630708@hotmail.com', 'QUHC650913@hotmail.com', 1),
('LORC630708@hotmail.com', 'ROGA801023@hotmail.com', 1),
('LORJ690319@hotmail.com', 'BAMV840328@hotmail.com', 1),
('LORJ690319@hotmail.com', 'CACJ620311@hotmail.com', 1),
('LOUS630530@hotmail.com', 'CAAP690310@hotmail.com', 1),
('LOUS630530@hotmail.com', 'ROPA880429@hotmail.com', 1),
('LOVS570524@hotmail.com', 'AAGG570404@hotmail.com', 7),
('LOVS570524@hotmail.com', 'MAFV600123@hotmail.com', 7),
('MAAC530822@hotmail.com', 'CAPM560515@hotmail.com', 7),
('MAAC530822@hotmail.com', 'EEBA650625@hotmail.com', 7),
('MAAC530822@hotmail.com', 'RAGA691007@hotmail.com', 7),
('MABV750223@hotmail.com', 'GURJ720122@hotmail.com', 1),
('MACJ590327@hotmail.com', 'LOCS670617@hotmail.com', 7),
('MACM640411@hotmail.com', 'HERA631206@hotmail.com', 1),
('MACM640411@hotmail.com', 'MOAJ631206@hotmail.com', 1),
('MADG430608@hotmail.com', 'AAMS420723@hotmail.com', 8),
('MAFV600123@hotmail.com', 'CAJG620516@hotmail.com', 7),
('MAFV600123@hotmail.com', 'CUAE610405@hotmail.com', 7),
('MAFV600123@hotmail.com', 'MAMR670830@hotmail.com', 7),
('MAFV600123@hotmail.com', 'RERN651110@hotmail.com', 7),
('MAGG600807@hotmail.com', 'EEGG660911@hotmail.com', 7),
('MAGJ460629@hotmail.com', 'GAAS600109@hotmail.com', 7),
('MAGJ611102@hotmail.com', 'GACH581217@hotmail.com', 7),
('MAIU850513@hotmail.com', 'GOAM910530@hotmail.com', 1),
('MAIU850513@hotmail.com', 'RORE650831@hotmail.com', 1),
('MAJV541230@hotmail.com', 'MACJ590327@hotmail.com', 7),
('MAJV541230@hotmail.com', 'MAGJ460629@hotmail.com', 7),
('MALA861025@hotmail.com', 'CATJ800217@hotmail.com', 1),
('MAMS570302@hotmail.com', 'CIDP680624@hotmail.com', 7),
('MAPG741025@hotmail.com', 'GOFA671026@hotmail.com', 1),
('MAPM660426@hotmail.com', 'COJD560226@hotmail.com', 7),
('MAPO581026@hotmail.com', 'PAYO680604@hotmail.com', 7),
('MARA810111@hotmail.com', 'RERF841114@hotmail.com', 1),
('MARL600702@hotmail.com', 'CAQD650908@hotmail.com', 7),
('MARL600702@hotmail.com', 'TACT460218@hotmail.com', 7),
('MARR450109@hotmail.com', 'ROEO430714@hotmail.com', 8),
('MARR730921@hotmail.com', 'GUHL810712@hotmail.com', 1),
('MARR730921@hotmail.com', 'PUMF820301@hotmail.com', 1),
('MARS461224@hotmail.com', 'EILJ440328@hotmail.com', 8),
('MASC731120@hotmail.com', 'PEMN701116@hotmail.com', 1),
('MASC731120@hotmail.com', 'VATH760227@hotmail.com', 1),
('MASO581005@hotmail.com', 'HEGU731014@hotmail.com', 1),
('MATP810925@hotmail.com', 'GAVT670924@hotmail.com', 1),
('MAVH550316@hotmail.com', 'SABN621118@hotmail.com', 7),
('MECE501109@hotmail.com', 'CAGM440225@hotmail.com', 8),
('MECE501109@hotmail.com', 'OUDJ370713@hotmail.com', 8),
('MECE501109@hotmail.com', 'VADF430822@hotmail.com', 8),
('MECV841214@hotmail.com', 'ROHP740712@hotmail.com', 1),
('MECV841214@hotmail.com', 'XILS910302@hotmail.com', 1),
('MEER810505@hotmail.com', 'MEER810505@hotmail.com', 5),
('MEER810505@hotmail.com', 'RABP720605@hotmail.com', 5),
('MEGC640919@hotmail.com', 'AOTS630428@hotmail.com', 7),
('MESL420327@hotmail.com', 'TOMM430929@hotmail.com', 8),
('MOAC651030@hotmail.com', 'CAVS680901@hotmail.com', 7),
('MOCB620227@hotmail.com', 'ZEGV620728@hotmail.com', 7),
('MOGR571111@hotmail.com', 'MAOA620915@hotmail.com', 7),
('MOGR571111@hotmail.com', 'SAPM670320@hotmail.com', 7),
('MOHV680927@hotmail.com', 'MITI600219@hotmail.com', 7),
('MOHV680927@hotmail.com', 'SALL490808@hotmail.com', 7),
('MOIR590502@hotmail.com', 'RIFJ621206@hotmail.com', 7),
('MOLP601009@hotmail.com', 'COSL680114@hotmail.com', 1),
('MOMA530924@hotmail.com', 'BAEE770115@hotmail.com', 1),
('MOMA540122@hotmail.com', 'CAAE620708@hotmail.com', 7),
('MOMA540122@hotmail.com', 'HEGL560415@hotmail.com', 7),
('MOMA540122@hotmail.com', 'NURA470505@hotmail.com', 7),
('MOMA540122@hotmail.com', 'PEMV670605@hotmail.com', 7),
('MORA621123@hotmail.com', 'REIH830819@hotmail.com', 1),
('MORA740726@hotmail.com', 'GALL661221@hotmail.com', 1),
('MORC551103@hotmail.com', 'GAAJ580420@hotmail.com', 7),
('MORJ410214@hotmail.com', 'MAGG600807@hotmail.com', 7),
('MOSF661214@hotmail.com', 'RARE551026@hotmail.com', 7),
('MOVG601118@hotmail.com', 'PUEG530218@hotmail.com', 7),
('NACF571118@hotmail.com', 'MAFE621217@hotmail.com', 7),
('NAMJ870131@hotmail.com', 'GAJJ611026@hotmail.com', 1),
('NAMJ870131@hotmail.com', 'MOLP601009@hotmail.com', 1),
('NARR700417@hotmail.com', 'RUCR841028@hotmail.com', 1),
('NARR700417@hotmail.com', 'SARF761129@hotmail.com', 1),
('NERM870525@hotmail.com', 'COVC500403@hotmail.com', 1),
('NERM870525@hotmail.com', 'MARA810111@hotmail.com', 1),
('NERM870525@hotmail.com', 'MECV841214@hotmail.com', 1),
('NERM870525@hotmail.com', 'MOCE800511@hotmail.com', 1),
('OELE810505@hotmail.com', 'MATP810925@hotmail.com', 1),
('OIRG550715@hotmail.com', 'BEFG410730@hotmail.com', 7),
('OIRG550715@hotmail.com', 'CACJ600212@hotmail.com', 7),
('OIRG550715@hotmail.com', 'CANO650124@hotmail.com', 7),
('OIRG550715@hotmail.com', 'GORJ580113@hotmail.com', 7),
('OOLC571220@hotmail.com', 'CAAA660515@hotmail.com', 7),
('OOLC571220@hotmail.com', 'COAM650109@hotmail.com', 7),
('OOSN660502@hotmail.com', 'CAOV650225@hotmail.com', 7),
('OOSN660502@hotmail.com', 'HUAF470205@hotmail.com', 7),
('OUDJ370713@hotmail.com', 'MARS461224@hotmail.com', 8),
('PAGI560421@hotmail.com', 'BACM520429@hotmail.com', 7),
('PAMI691010@hotmail.com', 'GASA810421@hotmail.com', 1),
('PAOA571102@hotmail.com', 'CAGG640505@hotmail.com', 7),
('PECA340531@hotmail.com', 'AAAJ410118@hotmail.com', 8),
('PECA340531@hotmail.com', 'CEMJ490521@hotmail.com', 8),
('PECA340531@hotmail.com', 'GOVA480616@hotmail.com', 8),
('PEDH721121@hotmail.com', 'VINA780922@hotmail.com', 1),
('PELC600109@hotmail.com', 'SIGT601109@hotmail.com', 7),
('PELE580813@hotmail.com', 'CAGX671023@hotmail.com', 7),
('PEMV670605@hotmail.com', 'PELC600109@hotmail.com', 7),
('PEMV670605@hotmail.com', 'RORO370912@hotmail.com', 7),
('PEMV670606@hotmail.com', 'AORG480916@hotmail.com', 7),
('PEMV670606@hotmail.com', 'ZAMR680730@hotmail.com', 7),
('PEOE560828@hotmail.com', 'FATE610606@hotmail.com', 7),
('PEOE560828@hotmail.com', 'ZACM620126@hotmail.com', 7),
('PEPM451130@hotmail.com', 'BERJ620714@hotmail.com', 7),
('PERJ440727@hotmail.com', 'MOMA540122@hotmail.com', 7),
('PESL790811@hotmail.com', 'AISL760127@hotmail.com', 1),
('PETS750209@hotmail.com', 'PETS750209@hotmail.com', 4),
('PEVM561221@hotmail.com', 'SAAM630318@hotmail.com', 7),
('PISJ580125@hotmail.com', 'PELE580813@hotmail.com', 7),
('POAE661230@hotmail.com', 'CAJC700425@hotmail.com', 7),
('POAE661230@hotmail.com', 'GOMJ590712@hotmail.com', 7),
('POMP800723@hotmail.com', 'LORC630708@hotmail.com', 1),
('QUDN750305@hotmail.com', 'TAMJ711204@hotmail.com', 1),
('QUHC650913@hotmail.com', 'BUAI920831@hotmail.com', 1),
('QUVH590512@hotmail.com', 'EUMA630826@hotmail.com', 7),
('QUVH590512@hotmail.com', 'RURA600723@hotmail.com', 7),
('RAAA740815@hotmail.com', 'MEBC660713@hotmail.com', 1),
('RAAA740815@hotmail.com', 'RAAD681019@hotmail.com', 1),
('RABC690320@hotmail.com', 'AAMA580502@hotmail.com', 1),
('RAGA691007@hotmail.com', 'AAER600805@hotmail.com', 7),
('RAPF560820@hotmail.com', 'CEEV640206@hotmail.com', 7),
('RAPF560820@hotmail.com', 'GACJ570530@hotmail.com', 7),
('RAPF560820@hotmail.com', 'OIRG550715@hotmail.com', 7),
('RAVM650728@hotmail.com', 'FOBF680603@hotmail.com', 1),
('REBS560910@hotmail.com', 'HALM580923@hotmail.com', 7),
('REGG611025@hotmail.com', 'ROHL600403@hotmail.com', 7),
('REGG611025@hotmail.com', 'SEGB500831@hotmail.com', 7),
('REGJ420909@hotmail.com', 'SALM390114@hotmail.com', 8),
('REGJ420909@hotmail.com', 'SAZA451003@hotmail.com', 8),
('REHA740406@hotmail.com', 'HELI891227@hotmail.com', 1),
('REHA740406@hotmail.com', 'REGM590502@hotmail.com', 1),
('REMH610209@hotmail.com', 'AUAJ590101@hotmail.com', 7),
('REMH610209@hotmail.com', 'GOHG580525@hotmail.com', 7),
('RERN651110@hotmail.com', 'MOCB620227@hotmail.com', 7),
('RICF720523@hotmail.com', 'SAMJ870323@hotmail.com', 1),
('RIRL780924@hotmail.com', 'AAZA700603@hotmail.com', 1),
('RISJ410709@hotmail.com', 'JIGF420129@hotmail.com', 8),
('RISR610808@hotmail.com', 'SALV610526@hotmail.com', 1),
('ROAB630611@hotmail.com', 'AASA570727@hotmail.com', 7),
('ROCC730916@hotmail.com', 'GADF790414@hotmail.com', 1),
('ROCC730916@hotmail.com', 'MORA740726@hotmail.com', 1),
('ROCC730916@hotmail.com', 'SAML711230@hotmail.com', 1),
('ROCG600508@hotmail.com', 'MALS631205@hotmail.com', 7),
('ROCG600508@hotmail.com', 'MEGC640919@hotmail.com', 7),
('ROCG600508@hotmail.com', 'REBS560910@hotmail.com', 7),
('ROCL700110@hotmail.com', 'TOMJ650420@hotmail.com', 1),
('ROCR620603@hotmail.com', 'MOVG601118@hotmail.com', 7),
('ROCR620603@hotmail.com', 'TEMA670502@hotmail.com', 7),
('ROGA801023@hotmail.com', 'CICM700907@hotmail.com', 1),
('ROGA801023@hotmail.com', 'SASF660302@hotmail.com', 1),
('ROHI710319@hotmail.com', 'COGX700718@hotmail.com', 1),
('ROLL520413@hotmail.com', 'EIGL470116@hotmail.com', 7),
('ROLL520413@hotmail.com', 'SAOA620508@hotmail.com', 7),
('ROLP651211@hotmail.com', 'GUCY710615@hotmail.com', 1),
('ROLP651211@hotmail.com', 'RARC621127@hotmail.com', 1),
('ROOD790509@hotmail.com', 'CAAN800412@hotmail.com', 1),
('ROOD790509@hotmail.com', 'PAMI691010@hotmail.com', 1),
('ROOL570306@hotmail.com', 'FETD600118@hotmail.com', 7),
('ROOL570306@hotmail.com', 'GUIF610129@hotmail.com', 7),
('ROOL570306@hotmail.com', 'PURP650517@hotmail.com', 7),
('ROOL570306@hotmail.com', 'SOCR591028@hotmail.com', 7),
('ROOP561012@hotmail.com', 'MORJ410214@hotmail.com', 7),
('ROOR690527@hotmail.com', 'CEBL641209@hotmail.com', 1),
('ROOR690527@hotmail.com', 'GOPF630603@hotmail.com', 1),
('ROPA880429@hotmail.com', 'GUPS640707@hotmail.com', 1),
('RORM630319@hotmail.com', 'DOAS541112@hotmail.com', 7),
('RORM630319@hotmail.com', 'LOVS570524@hotmail.com', 7),
('RORM630319@hotmail.com', 'SALU600601@hotmail.com', 7),
('RORS491127@hotmail.com', 'COMS580919@hotmail.com', 7),
('RORS491127@hotmail.com', 'HEGB680314@hotmail.com', 7),
('RORS491127@hotmail.com', 'MAGJ611102@hotmail.com', 7),
('RUBM600910@hotmail.com', 'TOGA770224@hotmail.com', 1),
('RUCR841028@hotmail.com', 'LORJ690319@hotmail.com', 1),
('RUCR841028@hotmail.com', 'MASO581005@hotmail.com', 1),
('RUCR841028@hotmail.com', 'NARR700417@hotmail.com', 1),
('RUCR841028@hotmail.com', 'RABC690320@hotmail.com', 1),
('RURA600723@hotmail.com', 'POAE661230@hotmail.com', 7),
('RUZJ530430@hotmail.com', 'CAOL521221@hotmail.com', 7),
('RUZJ530430@hotmail.com', 'TASA630119@hotmail.com', 7),
('SAAM630318@hotmail.com', 'OIVG660721@hotmail.com', 7),
('SACC820315@hotmail.com', 'AAAC670607@hotmail.com', 1),
('SACC820315@hotmail.com', 'GAXG691204@hotmail.com', 1),
('SACG371110@hotmail.com', 'HERF391001@hotmail.com', 8),
('SACG371110@hotmail.com', 'XACR421024@hotmail.com', 8),
('SADV700522@hotmail.com', 'EAGC770416@hotmail.com', 1),
('SADV700522@hotmail.com', 'OIRA730527@hotmail.com', 1),
('SAEB601008@hotmail.com', 'RASR710510@hotmail.com', 1),
('SAHF780227@hotmail.com', 'BEMG581122@hotmail.com', 1),
('SAHF780227@hotmail.com', 'MASC731120@hotmail.com', 1),
('SAHF780227@hotmail.com', 'TOLV710602@hotmail.com', 1),
('SALJ650711@hotmail.com', 'GOCL610302@hotmail.com', 7),
('SALJ650711@hotmail.com', 'RORS491127@hotmail.com', 7),
('SALJ650711@hotmail.com', 'VIRE550813@hotmail.com', 7),
('SALL490808@hotmail.com', 'HEHS611127@hotmail.com', 7),
('SALL490808@hotmail.com', 'VARC580808@hotmail.com', 7),
('SALO680206@hotmail.com', 'GUPE640521@hotmail.com', 1),
('SALO680206@hotmail.com', 'RAVM650728@hotmail.com', 1),
('SALR400622@hotmail.com', 'PECA340531@hotmail.com', 8),
('SAME770202@hotmail.com', 'GOVN621207@hotmail.com', 1),
('SAMG560528@hotmail.com', 'BUMM681026@hotmail.com', 7),
('SAMG560528@hotmail.com', 'HUGF680607@hotmail.com', 7),
('SAMJ740319@hotmail.com', 'LOGE810825@hotmail.com', 1),
('SAMJ740319@hotmail.com', 'ZACR760228@hotmail.com', 1),
('SAMJ870323@hotmail.com', 'LOAA770303@hotmail.com', 1),
('SAOA620508@hotmail.com', 'FARM481129@hotmail.com', 7),
('SAPM670320@hotmail.com', 'GAAP490622@hotmail.com', 7),
('SAPM670320@hotmail.com', 'PEVM561221@hotmail.com', 7),
('SARA500917@hotmail.com', 'BEHJ600304@hotmail.com', 7),
('SARA500917@hotmail.com', 'ROCG600508@hotmail.com', 7),
('SARE620826@hotmail.com', 'SARE620826@hotmail.com', 7),
('SARE620826@hotmail.com', 'SOGE490329@hotmail.com', 7),
('SARF761129@hotmail.com', 'AAMJ550319@hotmail.com', 1),
('SARM501017@hotmail.com', 'MAVH550316@hotmail.com', 7),
('SARM610123@hotmail.com', 'ROLL520413@hotmail.com', 7),
('SARM610123@hotmail.com', 'VECG481101@hotmail.com', 7),
('SASF660302@hotmail.com', 'HEMA760104@hotmail.com', 1),
('SATR610723@hotmail.com', 'PISJ580125@hotmail.com', 7),
('SAZA451003@hotmail.com', 'AOAR441112@hotmail.com', 8),
('SEGB500831@hotmail.com', 'AEMA610302@hotmail.com', 7),
('SEPS580912@hotmail.com', 'ROGA651102@hotmail.com', 7),
('SIBM600702@hotmail.com', 'ROCR620603@hotmail.com', 7),
('SIGG840712@hotmail.com', 'LOFT610501@hotmail.com', 1),
('SIGT601109@hotmail.com', 'BAJO591030@hotmail.com', 7),
('SIGT601109@hotmail.com', 'FOLD600328@hotmail.com', 7),
('SIGT601109@hotmail.com', 'GOML560209@hotmail.com', 7),
('SISD970602@hotmail.com', 'SISD970602@hotmail.com', 6),
('SOAE590718@hotmail.com', 'JICJ500418@hotmail.com', 7),
('SOGE490329@hotmail.com', 'ZUCM690919@hotmail.com', 7),
('SOMM790430@hotmail.com', 'AALE860922@hotmail.com', 1),
('SOMM790430@hotmail.com', 'HESR530831@hotmail.com', 1),
('SOOE761215@hotmail.com', 'NEEL730512@hotmail.com', 1),
('SUAS530117@hotmail.com', 'AAOE530715@hotmail.com', 7),
('TACT460218@hotmail.com', 'HEGP610330@hotmail.com', 7),
('TACT460218@hotmail.com', 'SABM670425@hotmail.com', 7),
('TASA630119@hotmail.com', 'AOOE651222@hotmail.com', 7),
('TAVL610516@hotmail.com', 'GAAN560517@hotmail.com', 7),
('TEMA670502@hotmail.com', 'GUGC640225@hotmail.com', 7),
('TEMA670502@hotmail.com', 'OOLC571220@hotmail.com', 7),
('TEMG631204@hotmail.com', 'JUBD720623@hotmail.com', 1),
('TOAF601224@hotmail.com', 'RICF720523@hotmail.com', 1),
('TOEL840404@hotmail.com', 'CAJT580925@hotmail.com', 1),
('TOEL840404@hotmail.com', 'EAMM710909@hotmail.com', 1),
('TOEL840404@hotmail.com', 'OUFA850727@hotmail.com', 1),
('TOGA770224@hotmail.com', 'BEJA641207@hotmail.com', 1),
('TOGA770224@hotmail.com', 'SADV700522@hotmail.com', 1),
('TOMJ650420@hotmail.com', 'IAOV730304@hotmail.com', 1),
('TOMM430929@hotmail.com', 'SACG371110@hotmail.com', 8),
('TOOG450118@hotmail.com', 'TOOG450118@hotmail.com', 2),
('TORR491029@hotmail.com', 'JIMI631018@hotmail.com', 7),
('VAAL680202@hotmail.com', 'AUMF640309@hotmail.com', 7),
('VAAL680202@hotmail.com', 'VEPS580519@hotmail.com', 7),
('VABA721101@hotmail.com', 'GAGE930619@hotmail.com', 1),
('VABA721101@hotmail.com', 'GOZA600901@hotmail.com', 1),
('VADF430822@hotmail.com', 'EIVA450412@hotmail.com', 8),
('VADF430822@hotmail.com', 'MARR450109@hotmail.com', 8),
('VARA570908@hotmail.com', 'CAFA661128@hotmail.com', 7),
('VARC580808@hotmail.com', 'SARM610123@hotmail.com', 7),
('VATH760227@hotmail.com', 'GOEE930613@hotmail.com', 1),
('VATH760227@hotmail.com', 'ROCC730916@hotmail.com', 1),
('VATH760227@hotmail.com', 'ROHL720825@hotmail.com', 1),
('VEAE651027@hotmail.com', 'RAPF560820@hotmail.com', 7),
('VECG481101@hotmail.com', 'GUCE590602@hotmail.com', 7),
('VECK781228@hotmail.com', 'EIVI600524@hotmail.com', 1),
('VEPS580519@hotmail.com', 'JIPG660523@hotmail.com', 7),
('VEPS580519@hotmail.com', 'SIBM600702@hotmail.com', 7),
('VESG530225@hotmail.com', 'GABJ630131@hotmail.com', 7),
('VIAL571012@hotmail.com', 'SADC571215@hotmail.com', 7),
('VIHA670801@hotmail.com', 'GAVS530520@hotmail.com', 7),
('VIHA670801@hotmail.com', 'REMH610209@hotmail.com', 7),
('VINA780922@hotmail.com', 'BAGA541105@hotmail.com', 1),
('VINA780922@hotmail.com', 'GACM710712@hotmail.com', 1),
('VINA780922@hotmail.com', 'HUAE800531@hotmail.com', 1),
('VIRC600318@hotmail.com', 'CACJ361020@hotmail.com', 7),
('VIRC600318@hotmail.com', 'DUVM620927@hotmail.com', 7),
('VISE630124@hotmail.com', 'MOIR590502@hotmail.com', 7),
('VISE630124@hotmail.com', 'SOGE650823@hotmail.com', 7),
('VISH570106@hotmail.com', 'JUMM651228@hotmail.com', 7),
('XACR421024@hotmail.com', 'SALR400622@hotmail.com', 8),
('XILS910302@hotmail.com', 'ROLP651211@hotmail.com', 1),
('ZACM620126@hotmail.com', 'MAAO560123@hotmail.com', 7),
('ZACR760228@hotmail.com', 'JULF841004@hotmail.com', 1),
('ZASE420615@hotmail.com', 'HEGJ590310@hotmail.com', 7),
('ZEGV620728@hotmail.com', 'HEAJ480905@hotmail.com', 7),
('ZUCM690919@hotmail.com', 'GAAA630612@hotmail.com', 7);

-- --------------------------------------------------------

--
-- Estructura de tabla para la tabla `postulante`
--

CREATE TABLE `postulante` (
  `post_email` varchar(32) NOT NULL,
  `sala_num` int(11) NOT NULL
) ENGINE=InnoDB DEFAULT CHARSET=utf8;

--
-- Volcado de datos para la tabla `postulante`
--

INSERT INTO `postulante` (`post_email`, `sala_num`) VALUES
('AAAC670607@hotmail.com', 1),
('AAAJ410118@hotmail.com', 8),
('AABS460521@hotmail.com', 8),
('AAER600805@hotmail.com', 7),
('AAFD851118@hotmail.com', 1),
('AAGG570404@hotmail.com', 7),
('AAIA810312@hotmail.com', 1),
('AALE860922@hotmail.com', 1),
('AAMA580502@hotmail.com', 1),
('AAMJ470215@hotmail.com', 7),
('AAMJ550319@hotmail.com', 1),
('AAMS420723@hotmail.com', 8),
('AAOE530715@hotmail.com', 7),
('AARE791201@hotmail.com', 1),
('AASA570727@hotmail.com', 7),
('AASR630322@hotmail.com', 7),
('AAZA700603@hotmail.com', 1),
('AEMA610302@hotmail.com', 7),
('AERL450609@hotmail.com', 8),
('AIGE760708@hotmail.com', 1),
('AIRR361024@hotmail.com', 8),
('AISL760127@hotmail.com', 1),
('AIVJ410529@hotmail.com', 7),
('AOAR441112@hotmail.com', 8),
('AOOE651222@hotmail.com', 7),
('AORG480916@hotmail.com', 7),
('AOTS630428@hotmail.com', 7),
('AUAJ590101@hotmail.com', 7),
('AUBF470810@hotmail.com', 8),
('AUCJ600223@hotmail.com', 7),
('AUFB570717@hotmail.com', 7),
('AULC650915@hotmail.com', 1),
('AUMF640309@hotmail.com', 7),
('AUTV660101@hotmail.com', 1),
('BAAC641022@hotmail.com', 1),
('BABE570407@hotmail.com', 1),
('BACM520429@hotmail.com', 7),
('BAEE770115@hotmail.com', 1),
('BAFM531103@hotmail.com', 7),
('BAGA541105@hotmail.com', 1),
('BAHH520810@hotmail.com', 1),
('BAJO591030@hotmail.com', 7),
('BALH681010@hotmail.com', 7),
('BAMV840328@hotmail.com', 1),
('BANL531018@hotmail.com', 7),
('BASR381220@hotmail.com', 3),
('BAVD370403@hotmail.com', 8),
('BEEJ580206@hotmail.com', 7),
('BEFG410730@hotmail.com', 7),
('BEHJ600304@hotmail.com', 7),
('BEHM730706@hotmail.com', 1),
('BEJA641207@hotmail.com', 1),
('BELA640913@hotmail.com', 7),
('BEMB431109@hotmail.com', 8),
('BEMG581122@hotmail.com', 1),
('BERJ620714@hotmail.com', 7),
('BESH660721@hotmail.com', 7),
('BIMR670106@hotmail.com', 7),
('BOMJ600427@hotmail.com', 1),
('BUAI920831@hotmail.com', 1),
('BUGT430510@hotmail.com', 7),
('BUMM681026@hotmail.com', 7),
('CAAA660515@hotmail.com', 7),
('CAAE620708@hotmail.com', 7),
('CAAG560830@hotmail.com', 1),
('CAAH551119@hotmail.com', 7),
('CAAN800412@hotmail.com', 1),
('CAAP690310@hotmail.com', 1),
('CABI750704@hotmail.com', 1),
('CABM811007@hotmail.com', 1),
('CACG660118@hotmail.com', 7),
('CACJ361020@hotmail.com', 7),
('CACJ600212@hotmail.com', 7),
('CACJ620311@hotmail.com', 1),
('CACN810816@hotmail.com', 1),
('CADB581204@hotmail.com', 7),
('CADR791106@hotmail.com', 3),
('CAFA661128@hotmail.com', 7),
('CAFJ811202@hotmail.com', 1),
('CAGD601102@hotmail.com', 7),
('CAGE550405@hotmail.com', 7),
('CAGG640505@hotmail.com', 7),
('CAGL570825@hotmail.com', 7),
('CAGM440225@hotmail.com', 8),
('CAGN631226@hotmail.com', 7),
('CAGX671023@hotmail.com', 7),
('CAJC500324@hotmail.com', 1),
('CAJC700425@hotmail.com', 7),
('CAJG620516@hotmail.com', 7),
('CAJT580925@hotmail.com', 1),
('CALA700920@hotmail.com', 1),
('CAMA630623@hotmail.com', 7),
('CANC800416@hotmail.com', 1),
('CANO650124@hotmail.com', 7),
('CAOL521221@hotmail.com', 7),
('CAOM641215@hotmail.com', 7),
('CAOV650225@hotmail.com', 7),
('CAPM560515@hotmail.com', 7),
('CAQD650908@hotmail.com', 7),
('CARA550419@hotmail.com', 1),
('CARE870706@hotmail.com', 1),
('CATJ800217@hotmail.com', 1),
('CAVM560102@hotmail.com', 7),
('CAVS680901@hotmail.com', 7),
('CEBL641209@hotmail.com', 1),
('CECD550401@hotmail.com', 7),
('CEEV640206@hotmail.com', 7),
('CEGG770409@hotmail.com', 1),
('CEMJ490521@hotmail.com', 8),
('CEPP650317@hotmail.com', 1),
('CEQI610121@hotmail.com', 7),
('CICM700907@hotmail.com', 1),
('CIDP680624@hotmail.com', 7),
('COAM650109@hotmail.com', 7),
('COGX700718@hotmail.com', 1),
('COJD560226@hotmail.com', 7),
('COMS580919@hotmail.com', 7),
('COPJ590902@hotmail.com', 7),
('COSL680114@hotmail.com', 1),
('COVC500403@hotmail.com', 1),
('CUAE610405@hotmail.com', 7),
('CUBB650629@hotmail.com', 7),
('CUDJ700330@hotmail.com', 1),
('CUPA641214@hotmail.com', 7),
('CUPS631212@hotmail.com', 1),
('CURE671008@hotmail.com', 7),
('CUVA600612@hotmail.com', 1),
('DEAV540628@hotmail.com', 1),
('DOAS541112@hotmail.com', 7),
('DUMJ520111@hotmail.com', 1),
('DUVM620927@hotmail.com', 7),
('EAGC770416@hotmail.com', 1),
('EAMM710909@hotmail.com', 1),
('EARG821010@hotmail.com', 1),
('EEBA650625@hotmail.com', 7),
('EEGG660911@hotmail.com', 7),
('EEUS570818@hotmail.com', 7),
('EIGL470116@hotmail.com', 7),
('EILJ440328@hotmail.com', 8),
('EIVA450412@hotmail.com', 8),
('EIVI600524@hotmail.com', 1),
('EUMA630826@hotmail.com', 7),
('FAGA530612@hotmail.com', 7),
('FAGJ781015@hotmail.com', 1),
('FARM481129@hotmail.com', 7),
('FATE610606@hotmail.com', 7),
('FERA561101@hotmail.com', 1),
('FETD600118@hotmail.com', 7),
('FOBF680603@hotmail.com', 1),
('FOGR691218@hotmail.com', 1),
('FOLD600328@hotmail.com', 7),
('FOMS580218@hotmail.com', 7),
('GAAA630612@hotmail.com', 7),
('GAAJ580420@hotmail.com', 7),
('GAAN560517@hotmail.com', 7),
('GAAP490622@hotmail.com', 7),
('GAAS600109@hotmail.com', 7),
('GABJ630131@hotmail.com', 7),
('GABR450924@hotmail.com', 8),
('GACG621104@hotmail.com', 7),
('GACH581217@hotmail.com', 7),
('GACI590603@hotmail.com', 1),
('GACI730704@hotmail.com', 1),
('GACJ570530@hotmail.com', 7),
('GACJ590822@hotmail.com', 1),
('GACM710712@hotmail.com', 1),
('GADF790414@hotmail.com', 1),
('GAGA651215@hotmail.com', 7),
('GAGE930619@hotmail.com', 1),
('GAGL620822@hotmail.com', 1),
('GAHE570925@hotmail.com', 7),
('GAHF630822@hotmail.com', 7),
('GAHG471123@hotmail.com', 8),
('GAJJ611026@hotmail.com', 1),
('GALL661221@hotmail.com', 1),
('GAMC530827@hotmail.com', 7),
('GAPC680404@hotmail.com', 7),
('GARJ640319@hotmail.com', 1),
('GARV801005@hotmail.com', 1),
('GASA810421@hotmail.com', 1),
('GAVS530520@hotmail.com', 7),
('GAVT670924@hotmail.com', 1),
('GAXG691204@hotmail.com', 1),
('GIGJ590910@hotmail.com', 7),
('GOAM910530@hotmail.com', 1),
('GOCA520427@hotmail.com', 7),
('GOCJ540509@hotmail.com', 7),
('GOCL610302@hotmail.com', 7),
('GODA750831@hotmail.com', 1),
('GOEE930613@hotmail.com', 1),
('GOFA671026@hotmail.com', 1),
('GOHG580525@hotmail.com', 7),
('GOHL460918@hotmail.com', 3),
('GOLU570429@hotmail.com', 7),
('GOMJ590712@hotmail.com', 7),
('GOML560209@hotmail.com', 7),
('GOMV580325@hotmail.com', 7),
('GOPF630603@hotmail.com', 1),
('GOPP651210@hotmail.com', 1),
('GORA611230@hotmail.com', 7),
('GORJ580113@hotmail.com', 7),
('GOVA480616@hotmail.com', 8),
('GOVN621207@hotmail.com', 1),
('GOZA600901@hotmail.com', 1),
('GUAJ850112@hotmail.com', 1),
('GUAV770529@hotmail.com', 1),
('GUCE590602@hotmail.com', 7),
('GUCY710615@hotmail.com', 1),
('GUDE820907@hotmail.com', 1),
('GUGC640225@hotmail.com', 7),
('GUGM570426@hotmail.com', 1),
('GUHE740114@hotmail.com', 1),
('GUHL810712@hotmail.com', 1),
('GUIF610129@hotmail.com', 7),
('GULR860123@hotmail.com', 1),
('GUMG560331@hotmail.com', 7),
('GUPE640521@hotmail.com', 1),
('GUPS640707@hotmail.com', 1),
('GURJ720122@hotmail.com', 1),
('GUSJ751114@hotmail.com', 1),
('GUSV811105@hotmail.com', 1),
('GUTA410412@hotmail.com', 8),
('GUTF561129@hotmail.com', 7),
('HALM580923@hotmail.com', 7),
('HEAJ480905@hotmail.com', 7),
('HEBP580102@hotmail.com', 1),
('HEGB680314@hotmail.com', 7),
('HEGJ590310@hotmail.com', 7),
('HEGL560415@hotmail.com', 7),
('HEGP610330@hotmail.com', 7),
('HEGR450905@hotmail.com', 8),
('HEGU731014@hotmail.com', 1),
('HEHS611127@hotmail.com', 7),
('HEIM680226@hotmail.com', 1),
('HELI891227@hotmail.com', 1),
('HEMA760104@hotmail.com', 1),
('HEMP610409@hotmail.com', 1),
('HERA631206@hotmail.com', 1),
('HERF391001@hotmail.com', 8),
('HESR530831@hotmail.com', 1),
('HEVO590818@hotmail.com', 7),
('HUAE800531@hotmail.com', 1),
('HUAF470205@hotmail.com', 7),
('HUGF680607@hotmail.com', 7),
('IACA610703@hotmail.com', 7),
('IANE820517@hotmail.com', 1),
('IAOV730304@hotmail.com', 1),
('IAPE721117@hotmail.com', 1),
('IIAY431021@hotmail.com', 7),
('JAVD540613@hotmail.com', 3),
('JEHJ620923@hotmail.com', 1),
('JICJ500418@hotmail.com', 7),
('JIGF420129@hotmail.com', 8),
('JIMA610709@hotmail.com', 1),
('JIMI631018@hotmail.com', 7),
('JIPG660523@hotmail.com', 7),
('JUBD720623@hotmail.com', 1),
('JULF841004@hotmail.com', 1),
('JULM671105@hotmail.com', 1),
('JUMM651228@hotmail.com', 7),
('JUSM570722@hotmail.com', 7),
('KEML370228@hotmail.com', 7),
('LIFM570506@hotmail.com', 7),
('LOAA770303@hotmail.com', 1),
('LOAP630409@hotmail.com', 7),
('LOCS670617@hotmail.com', 7),
('LOFT610501@hotmail.com', 1),
('LOGE810825@hotmail.com', 1),
('LORC630708@hotmail.com', 1),
('LORJ690319@hotmail.com', 1),
('LOUS630530@hotmail.com', 1),
('LOVS570524@hotmail.com', 7),
('MAAC530822@hotmail.com', 7),
('MAAO560123@hotmail.com', 7),
('MABV750223@hotmail.com', 1),
('MACJ590327@hotmail.com', 7),
('MACM640411@hotmail.com', 1),
('MADG430608@hotmail.com', 8),
('MAFE621217@hotmail.com', 7),
('MAFJ450121@hotmail.com', 8),
('MAFV600123@hotmail.com', 7),
('MAGG600807@hotmail.com', 7),
('MAGJ460629@hotmail.com', 7),
('MAGJ611102@hotmail.com', 7),
('MAIU850513@hotmail.com', 1),
('MAJV541230@hotmail.com', 7),
('MALA861025@hotmail.com', 1),
('MALS631205@hotmail.com', 7),
('MAMR670830@hotmail.com', 7),
('MAMS570302@hotmail.com', 7),
('MANK750818@hotmail.com', 1),
('MAOA620915@hotmail.com', 7),
('MAPD850325@hotmail.com', 1),
('MAPG741025@hotmail.com', 1),
('MAPM660426@hotmail.com', 7),
('MAPO581026@hotmail.com', 7),
('MARA810111@hotmail.com', 1),
('MARL600702@hotmail.com', 7),
('MARR450109@hotmail.com', 8),
('MARR730921@hotmail.com', 1),
('MARS461224@hotmail.com', 8),
('MASC731120@hotmail.com', 1),
('MASO581005@hotmail.com', 1),
('MATP810925@hotmail.com', 1),
('MAVH550316@hotmail.com', 7),
('MEBC660713@hotmail.com', 1),
('MECE501109@hotmail.com', 8),
('MECV841214@hotmail.com', 1),
('MEDC870705@hotmail.com', 1),
('MEER810505@hotmail.com', 5),
('MEGC640919@hotmail.com', 7),
('MEGS581117@hotmail.com', 7),
('MERA550906@hotmail.com', 1),
('MESL420327@hotmail.com', 8),
('MITI600219@hotmail.com', 7),
('MOAC651030@hotmail.com', 7),
('MOAC701121@hotmail.com', 7),
('MOAJ631206@hotmail.com', 1),
('MOAS610429@hotmail.com', 7),
('MOCB620227@hotmail.com', 7),
('MOCE800511@hotmail.com', 1),
('MOGR571111@hotmail.com', 7),
('MOHV680927@hotmail.com', 7),
('MOIR590502@hotmail.com', 7),
('MOLP601009@hotmail.com', 1),
('MOMA530924@hotmail.com', 1),
('MOMA540122@hotmail.com', 7),
('MORA621123@hotmail.com', 1),
('MORA640123@hotmail.com', 1),
('MORA740726@hotmail.com', 1),
('MORC551103@hotmail.com', 7),
('MORE680104@hotmail.com', 7),
('MORJ410214@hotmail.com', 7),
('MOSF661214@hotmail.com', 7),
('MOVG601118@hotmail.com', 7),
('NACF571118@hotmail.com', 7),
('NAHG510514@hotmail.com', 7),
('NAMJ870131@hotmail.com', 1),
('NARR700417@hotmail.com', 1),
('NEEL730512@hotmail.com', 1),
('NERM870525@hotmail.com', 1),
('NOVJ720424@hotmail.com', 1),
('NURA470505@hotmail.com', 7),
('OELE810505@hotmail.com', 1),
('OIRA730527@hotmail.com', 1),
('OIRG550715@hotmail.com', 7),
('OIVG660721@hotmail.com', 7),
('OOLC571220@hotmail.com', 7),
('OORC880806@hotmail.com', 1),
('OOSN660502@hotmail.com', 7),
('OUDJ370713@hotmail.com', 8),
('OUFA850727@hotmail.com', 1),
('OUGU580124@hotmail.com', 7),
('PAGC570307@hotmail.com', 1),
('PAGI560421@hotmail.com', 7),
('PALG831114@hotmail.com', 1),
('PAMI691010@hotmail.com', 1),
('PAOA571102@hotmail.com', 7),
('PAYO680604@hotmail.com', 7),
('PECA340531@hotmail.com', 8),
('PEDH721121@hotmail.com', 1),
('PELC600109@hotmail.com', 7),
('PELE580813@hotmail.com', 7),
('PEME560514@hotmail.com', 7),
('PEMI611213@hotmail.com', 7),
('PEMN701116@hotmail.com', 1),
('PEMV670605@hotmail.com', 7),
('PEMV670606@hotmail.com', 7),
('PEOE560828@hotmail.com', 7),
('PEPJ550328@hotmail.com', 7),
('PEPM451130@hotmail.com', 7),
('PERJ440727@hotmail.com', 7),
('PESL790811@hotmail.com', 1),
('PETS750209@hotmail.com', 4),
('PEVM561221@hotmail.com', 7),
('PICA790917@hotmail.com', 1),
('PISJ580125@hotmail.com', 7),
('POAE661230@hotmail.com', 7),
('POMP800723@hotmail.com', 1),
('POPG570126@hotmail.com', 7),
('PUEG530218@hotmail.com', 7),
('PUMF820301@hotmail.com', 1),
('PURP650517@hotmail.com', 7),
('QUDN750305@hotmail.com', 1),
('QUHC650913@hotmail.com', 1),
('QUMR681113@hotmail.com', 7),
('QUVH590512@hotmail.com', 7),
('RAAA740815@hotmail.com', 1),
('RAAD681019@hotmail.com', 1),
('RABC690320@hotmail.com', 1),
('RABP720605@hotmail.com', 5),
('RAGA691007@hotmail.com', 7),
('RALT520821@hotmail.com', 1),
('RAPF560820@hotmail.com', 7),
('RAPM631028@hotmail.com', 7),
('RARC621127@hotmail.com', 1),
('RARE551026@hotmail.com', 7),
('RASF610711@hotmail.com', 7),
('RASR710510@hotmail.com', 1),
('RAVM650728@hotmail.com', 1),
('REBS560910@hotmail.com', 7),
('REGG611025@hotmail.com', 7),
('REGJ420909@hotmail.com', 8),
('REGM590502@hotmail.com', 1),
('REHA740406@hotmail.com', 1),
('REIH830819@hotmail.com', 1),
('REMH610209@hotmail.com', 7),
('RERF841114@hotmail.com', 1),
('RERN651110@hotmail.com', 7),
('RICF720523@hotmail.com', 1),
('RIFJ621206@hotmail.com', 7),
('RIHF580501@hotmail.com', 7),
('RIJR571220@hotmail.com', 7),
('RIRL780924@hotmail.com', 1),
('RISJ410709@hotmail.com', 8),
('RISR610808@hotmail.com', 1),
('ROAB630611@hotmail.com', 7),
('ROAJ530902@hotmail.com', 1),
('ROCC730916@hotmail.com', 1),
('ROCG600508@hotmail.com', 7),
('ROCL700110@hotmail.com', 1),
('ROCR620603@hotmail.com', 7),
('ROEO430714@hotmail.com', 8),
('ROGA651102@hotmail.com', 7),
('ROGA801023@hotmail.com', 1),
('ROHI710319@hotmail.com', 1),
('ROHL600403@hotmail.com', 7),
('ROHL720825@hotmail.com', 1),
('ROHP740712@hotmail.com', 1),
('ROLA460505@hotmail.com', 7),
('ROLL520413@hotmail.com', 7),
('ROLP651211@hotmail.com', 1),
('ROOD790509@hotmail.com', 1),
('ROOL570306@hotmail.com', 7),
('ROOP561012@hotmail.com', 7),
('ROOR690527@hotmail.com', 1),
('ROPA550531@hotmail.com', 7),
('ROPA880429@hotmail.com', 1),
('RORE650831@hotmail.com', 1),
('RORM630319@hotmail.com', 7),
('RORO370912@hotmail.com', 7),
('RORR590111@hotmail.com', 1),
('RORS491127@hotmail.com', 7),
('ROSA580505@hotmail.com', 7),
('ROSL540909@hotmail.com', 7),
('RUBM600910@hotmail.com', 1),
('RUCR841028@hotmail.com', 1),
('RURA600723@hotmail.com', 7),
('RUZJ530430@hotmail.com', 7),
('SAAM630318@hotmail.com', 7),
('SABM670425@hotmail.com', 7),
('SABN621118@hotmail.com', 7),
('SACC820315@hotmail.com', 1),
('SACG371110@hotmail.com', 8),
('SADC571215@hotmail.com', 7),
('SADV700522@hotmail.com', 1),
('SAEB601008@hotmail.com', 1),
('SAGG641221@hotmail.com', 7),
('SAHF780227@hotmail.com', 1),
('SALJ650711@hotmail.com', 7),
('SALL490808@hotmail.com', 7),
('SALM390114@hotmail.com', 8),
('SALO680206@hotmail.com', 1),
('SALR400622@hotmail.com', 8),
('SALU600601@hotmail.com', 7),
('SALV610526@hotmail.com', 1),
('SAME770202@hotmail.com', 1),
('SAMG560528@hotmail.com', 7),
('SAMJ740319@hotmail.com', 1),
('SAMJ870323@hotmail.com', 1),
('SAML711230@hotmail.com', 1),
('SAOA620508@hotmail.com', 7),
('SAPL540211@hotmail.com', 7),
('SAPM670320@hotmail.com', 7),
('SARA500917@hotmail.com', 7),
('SARE620826@hotmail.com', 7),
('SARF761129@hotmail.com', 1),
('SARL560604@hotmail.com', 7),
('SARM501017@hotmail.com', 7),
('SARM610123@hotmail.com', 7),
('SASF660302@hotmail.com', 1),
('SATR610723@hotmail.com', 7),
('SAZA451003@hotmail.com', 8),
('SEGB500831@hotmail.com', 7),
('SEPS580912@hotmail.com', 7),
('SERE560311@hotmail.com', 7),
('SIBM600702@hotmail.com', 7),
('SIGG840712@hotmail.com', 1),
('SIGT601109@hotmail.com', 7),
('SILL681102@hotmail.com', 1),
('SISD970602@hotmail.com', 6),
('SOAE590718@hotmail.com', 7),
('SOCR591028@hotmail.com', 7),
('SOGE490329@hotmail.com', 7),
('SOGE650823@hotmail.com', 7),
('SOMM790430@hotmail.com', 1),
('SOOE761215@hotmail.com', 1),
('SUAS530117@hotmail.com', 7),
('SUCA511123@hotmail.com', 1),
('TACT460218@hotmail.com', 7),
('TAMJ711204@hotmail.com', 1),
('TASA630119@hotmail.com', 7),
('TAVL610516@hotmail.com', 7),
('TEMA670502@hotmail.com', 7),
('TEMG631204@hotmail.com', 1),
('TOAF601224@hotmail.com', 1),
('TOBE620920@hotmail.com', 1),
('TOEL840404@hotmail.com', 1),
('TOGA770224@hotmail.com', 1),
('TOLV710602@hotmail.com', 1),
('TOMJ650420@hotmail.com', 1),
('TOMM430929@hotmail.com', 8),
('TOOG450118@hotmail.com', 2),
('TOPE551216@hotmail.com', 1),
('TORG630413@hotmail.com', 1),
('TORM471203@hotmail.com', 8),
('TORR491029@hotmail.com', 7),
('VAAL680202@hotmail.com', 7),
('VABA721101@hotmail.com', 1),
('VADF430822@hotmail.com', 8),
('VARA570908@hotmail.com', 7),
('VARB570219@hotmail.com', 7),
('VARC580808@hotmail.com', 7),
('VATH760227@hotmail.com', 1),
('VEAE651027@hotmail.com', 7),
('VECG481101@hotmail.com', 7),
('VECK781228@hotmail.com', 1),
('VEPS580519@hotmail.com', 7),
('VESG530225@hotmail.com', 7),
('VIAL571012@hotmail.com', 7),
('VIHA670801@hotmail.com', 7),
('VINA780922@hotmail.com', 1),
('VIRC600318@hotmail.com', 7),
('VIRE550813@hotmail.com', 7),
('VISE630124@hotmail.com', 7),
('VISH570106@hotmail.com', 7),
('XACR421024@hotmail.com', 8),
('XILS910302@hotmail.com', 1),
('ZACM620126@hotmail.com', 7),
('ZACR760228@hotmail.com', 1),
('ZAMR680730@hotmail.com', 7),
('ZASE420615@hotmail.com', 7),
('ZEGV620728@hotmail.com', 7),
('ZUCM690919@hotmail.com', 7);

-- --------------------------------------------------------

--
-- Estructura de tabla para la tabla `sala_votacion`
--

CREATE TABLE `sala_votacion` (
  `numero` int(11) NOT NULL,
  `se_puede_votar` tinyint(1) DEFAULT NULL,
  `email_creador` varchar(32) NOT NULL
) ENGINE=InnoDB DEFAULT CHARSET=utf8;

--
-- Volcado de datos para la tabla `sala_votacion`
--

INSERT INTO `sala_votacion` (`numero`, `se_puede_votar`, `email_creador`) VALUES
(1, 1, 'AAAC670607@hotmail.com'),
(2, 1, 'TOOG450118@hotmail.com'),
(3, 1, 'BASR381220@hotmail.com'),
(4, 1, 'PETS750209@hotmail.com'),
(5, 1, 'MEER810505@hotmail.com'),
(6, 1, 'SISD970602@hotmail.com'),
(7, 1, 'AAER600805@hotmail.com'),
(8, 1, 'AAAJ410118@hotmail.com');

-- --------------------------------------------------------

--
-- Estructura de tabla para la tabla `votante`
--

CREATE TABLE `votante` (
  `email` varchar(32) NOT NULL,
  `nombre` varchar(64) DEFAULT NULL,
  `localidad` varchar(64) DEFAULT NULL,
  `sexo` enum('m','f') DEFAULT NULL,
  `fecha_nacimiento` date DEFAULT NULL,
  `passwd` varchar(32) DEFAULT NULL,
  `perfil` varchar(256) DEFAULT NULL
) ENGINE=InnoDB DEFAULT CHARSET=utf8;

--
-- Volcado de datos para la tabla `votante`
--

INSERT INTO `votante` (`email`, `nombre`, `localidad`, `sexo`, `fecha_nacimiento`, `passwd`, `perfil`) VALUES
('AAAC670607@hotmail.com', 'Celia Ayala Arellano', '14', NULL, NULL, 'root', NULL),
('AAAJ410118@hotmail.com', 'Jorge Helio Altamirano Aguilar', '22', NULL, NULL, 'root', NULL),
('AABS460521@hotmail.com', 'Salvador Álvarez Ballesteros', '30', NULL, NULL, 'root', NULL),
('AAER600805@hotmail.com', 'Rosa Martha Alcántara Escamilla', '14', NULL, NULL, 'root', NULL),
('AAFD851118@hotmail.com', 'Daniel Álvarez Fuentes', '28', NULL, NULL, 'root', NULL),
('AAGG570404@hotmail.com', 'Gonzalo Isidro Alvarado González', '34', NULL, NULL, 'root', NULL),
('AAIA810312@hotmail.com', 'José Andrés Álvarez Ibarra', '70', NULL, NULL, 'root', NULL),
('AALE860922@hotmail.com', 'Edith Yuliana Amador López', '38', NULL, NULL, 'root', NULL),
('AAMA580502@hotmail.com', 'José Antonio Andrade Morales', '14', NULL, NULL, 'root', NULL),
('AAMJ470215@hotmail.com', 'Juan Álvarez Mendoza', '8', NULL, NULL, 'root', NULL),
('AAMJ550319@hotmail.com', 'José Juan Aljama Moral', '15', NULL, NULL, 'root', NULL),
('AAMS420723@hotmail.com', 'Samuel Alcantara Montes', '30', NULL, NULL, 'root', NULL),
('AAOE530715@hotmail.com', 'Enrique Anaya Ornelas', '45', NULL, NULL, 'root', NULL),
('AARE791201@hotmail.com', 'María Elena Álvarez Rodríguez', '79', NULL, NULL, 'root', NULL),
('AASA570727@hotmail.com', 'Alfonso Javier Álvarez Sierra', '10', NULL, NULL, 'root', NULL),
('AASR630322@hotmail.com', 'Rosaura Amador Sánchez', '85', NULL, NULL, 'root', NULL),
('AAZA700603@hotmail.com', 'Ana María Almanza Zendejas', '33', NULL, NULL, 'root', NULL),
('AEMA610302@hotmail.com', 'Agustín Humberto Ángeles Mejía', '31', NULL, NULL, 'root', NULL),
('AERL450609@hotmail.com', 'Lucio Alemán Rodríguez', '20', NULL, NULL, 'root', NULL),
('AIGE760708@hotmail.com', 'Esperanza Aviña García', '71', NULL, NULL, 'root', NULL),
('AIRR361024@hotmail.com', 'Rafael Ávila Reyes', '36', NULL, NULL, 'root', NULL),
('AISL760127@hotmail.com', 'Lizeth Avilés Sánchez', '12', NULL, NULL, 'root', NULL),
('AIVJ410529@hotmail.com', 'Jorge Arturo Aviña Valencia', '39', NULL, NULL, 'root', NULL),
('AOAR441112@hotmail.com', 'Roberto Segundo Acosta Abreu', '29', NULL, NULL, 'root', NULL),
('AOOE651222@hotmail.com', 'Emilio Arroyo Orrala', '49', NULL, NULL, 'root', NULL),
('AORG480916@hotmail.com', 'María Guadalupe Alonso Ríos', '11', NULL, NULL, 'root', NULL),
('AOTS630428@hotmail.com', 'Sergio Cesar Arroyo Trejo', '38', NULL, NULL, 'root', NULL),
('AUAJ590101@hotmail.com', 'julio Aquino Aquino', '15', NULL, NULL, 'root', NULL),
('AUBF470810@hotmail.com', 'Fernando Angulo Brown', '29', NULL, NULL, 'root', NULL),
('AUCJ600223@hotmail.com', 'Jesús Raúl Aguilar Caballero', '22', NULL, NULL, 'root', NULL),
('AUFB570717@hotmail.com', 'Blanca Rosa Aguilar  Aguilar Figueroa', '22', NULL, NULL, 'root', NULL),
('AULC650915@hotmail.com', 'Carlos Aguilar López', '35', NULL, NULL, 'root', NULL),
('AUMF640309@hotmail.com', 'Fernando Raul Aguilar Martínez', '22', NULL, NULL, 'root', NULL),
('AUTV660101@hotmail.com', 'Víctor Manuel Aguilar Tlapale', '91', NULL, NULL, 'root', NULL),
('BAAC641022@hotmail.com', 'César Basurto Acevedo', '80', NULL, NULL, 'root', NULL),
('BABE570407@hotmail.com', 'Epifanio Donato Barbabosa Beltrán', '28', NULL, NULL, 'root', NULL),
('BACM520429@hotmail.com', 'Mario Alberto Ballesteros Curiel', '13', NULL, NULL, 'root', NULL),
('BAEE770115@hotmail.com', 'Elda Baranda Esquivel', '55', NULL, NULL, 'root', NULL),
('BAFM531103@hotmail.com', 'Mario Alfredo Batta Fonseca', '33', NULL, NULL, 'root', NULL),
('BAGA541105@hotmail.com', 'Ana María Baeza Gómez', '92', NULL, NULL, 'root', NULL),
('BAHH520810@hotmail.com', 'Hilda Banda Hernández', '20', NULL, NULL, 'root', NULL),
('BAJO591030@hotmail.com', 'Jorge  Barrón ', '3', NULL, NULL, 'root', NULL),
('BALH681010@hotmail.com', 'Homar Jorge Bautista Lugo', '37', NULL, NULL, 'root', NULL),
('BAMV840328@hotmail.com', 'Víctor Alejandro Banderas Mérida', '32', NULL, NULL, 'root', NULL),
('BANL531018@hotmail.com', 'Laura Leticia Barrera Necha', '48', NULL, NULL, 'root', NULL),
('BASR381220@hotmail.com', 'José Roberto de Jesús Bastarrachea Sabido', '40', NULL, NULL, 'root', NULL),
('BAVD370403@hotmail.com', 'Daniel Barajas y Valencia', '30', NULL, NULL, 'root', NULL),
('BEEJ580206@hotmail.com', 'Jesús Gonzalo Benítez Escobar', '34', NULL, NULL, 'root', NULL),
('BEFG410730@hotmail.com', 'José Guadalupe Becerra Ferreyra', '40', NULL, NULL, 'root', NULL),
('BEHJ600304@hotmail.com', 'Judith Benitez Hernández', '39', NULL, NULL, 'root', NULL),
('BEHM730706@hotmail.com', 'Ma. Guadalupe del Carmen Belmonte Hernández', '17', NULL, NULL, 'root', NULL),
('BEJA641207@hotmail.com', 'María Alma Benitez Juárez', '27', NULL, NULL, 'root', NULL),
('BELA640913@hotmail.com', 'Amada Gabriela Brenes López', '33', NULL, NULL, 'root', NULL),
('BEMB431109@hotmail.com', 'Blanca Margarita Berdeja Martínez', '22', NULL, NULL, 'root', NULL),
('BEMG581122@hotmail.com', 'Gerardo Bernal Méndez', '11', NULL, NULL, 'root', NULL),
('BERJ620714@hotmail.com', 'Judith Betancourt Ruiz', '20', NULL, NULL, 'root', NULL),
('BESH660721@hotmail.com', 'Maria Haydee Bernal Sanchez', '30', NULL, NULL, 'root', NULL),
('BIMR670106@hotmail.com', 'Rocío Bizarro Moreno', '10', NULL, NULL, 'root', NULL),
('BOMJ600427@hotmail.com', 'Jesús Roberto Bolivar Meza', '4', NULL, NULL, 'root', NULL),
('BUAI920831@hotmail.com', 'Ismael Bruno Arellano ', '8', NULL, NULL, 'root', NULL),
('BUGT430510@hotmail.com', 'Maria Teresa Bustamante García', '24', NULL, NULL, 'root', NULL),
('BUMM681026@hotmail.com', 'Miguel Alejandro  Buendía Meneses', '39', NULL, NULL, 'root', NULL),
('CAAA660515@hotmail.com', 'Aida Areli Castro Aguirre', '6', NULL, NULL, 'root', NULL),
('CAAE620708@hotmail.com', 'Maria Elena Campos Aldrete', '22', NULL, NULL, 'root', NULL),
('CAAG560830@hotmail.com', 'Guadencio Camacho Alvarado', '13', NULL, NULL, 'root', NULL),
('CAAH551119@hotmail.com', 'Higinio Carballar Aranda', '84', NULL, NULL, 'root', NULL),
('CAAN800412@hotmail.com', 'Norma Alicia Caltenco Arceo', '25', NULL, NULL, 'root', NULL),
('CAAP690310@hotmail.com', 'Pablo Cabrera Alvarado', '47', NULL, NULL, 'root', NULL),
('CABI750704@hotmail.com', 'Isidro Castillo Bautista', '35', NULL, NULL, 'root', NULL),
('CABM811007@hotmail.com', 'Mariana Elizabeth Chávez Benítez', '3', NULL, NULL, 'root', NULL),
('CACG660118@hotmail.com', 'Gema Cancino Calderón', '30', NULL, NULL, 'root', NULL),
('CACJ361020@hotmail.com', 'Juan Castro Carrillo', '39', NULL, NULL, 'root', NULL),
('CACJ600212@hotmail.com', 'María de Jesús Calva Calva', '85', NULL, NULL, 'root', NULL),
('CACJ620311@hotmail.com', 'María Josefina Campos Cano', '5', NULL, NULL, 'root', NULL),
('CACN810816@hotmail.com', 'Nayeli Caballero Cerpa', '34', NULL, NULL, 'root', NULL),
('CADB581204@hotmail.com', 'Blanca Leticia Callejas  Dávila', '39', NULL, NULL, 'root', NULL),
('CADR791106@hotmail.com', 'Rafael Castañeda Díaz', '43', NULL, NULL, 'root', NULL),
('CAFA661128@hotmail.com', 'Angelina Cadena Flores', '13', NULL, NULL, 'root', NULL),
('CAFJ811202@hotmail.com', 'Janet Cadena Flores', '15', NULL, NULL, 'root', NULL),
('CAGD601102@hotmail.com', 'Diana Rocío Castañeda García', '39', NULL, NULL, 'root', NULL),
('CAGE550405@hotmail.com', 'Emilio Calixto González', '1', NULL, NULL, 'root', NULL),
('CAGG640505@hotmail.com', 'Guillermo Carrasco García', '9', NULL, NULL, 'root', NULL),
('CAGL570825@hotmail.com', 'José Luis Carvajal Gómez', '35', NULL, NULL, 'root', NULL),
('CAGM440225@hotmail.com', 'Modesto Cárdenas García ', '29', NULL, NULL, 'root', NULL),
('CAGN631226@hotmail.com', 'Noe Marina Chagolla Guerrero', '22', NULL, NULL, 'root', NULL),
('CAGX671023@hotmail.com', 'José Alberto Chagolla Guerrero', '22', NULL, NULL, 'root', NULL),
('CAJC500324@hotmail.com', 'José Claudio Chávez Jiménez', '46', NULL, NULL, 'root', NULL),
('CAJC700425@hotmail.com', 'Celia Carrasco Jiménez ', '14', NULL, NULL, 'root', NULL),
('CAJG620516@hotmail.com', 'María Guadalupe Castelán Jiménez', '13', NULL, NULL, 'root', NULL),
('CAJT580925@hotmail.com', 'Teresita Cardona Juárez', '51', NULL, NULL, 'root', NULL),
('CALA700920@hotmail.com', 'Adolfo Cabrera López', '22', NULL, NULL, 'root', NULL),
('CAMA630623@hotmail.com', 'José Armando Campos Martínez', '24', NULL, NULL, 'root', NULL),
('CANC800416@hotmail.com', 'César Servando Casas Núñez', '59', NULL, NULL, 'root', NULL),
('CANO650124@hotmail.com', 'Oscar Camacho Nieto', '49', NULL, NULL, 'root', NULL),
('CAOL521221@hotmail.com', 'Luis  Castillo Olivares', '31', NULL, NULL, 'root', NULL),
('CAOM641215@hotmail.com', 'Miroslava Castelán Olguín', '30', NULL, NULL, 'root', NULL),
('CAOV650225@hotmail.com', 'Virginia Chávez Orozco', '31', NULL, NULL, 'root', NULL),
('CAPM560515@hotmail.com', 'Manuela Calva Pérez', '45', NULL, NULL, 'root', NULL),
('CAQD650908@hotmail.com', 'David Filiberto Calderón Quintana', '22', NULL, NULL, 'root', NULL),
('CARA550419@hotmail.com', 'Antonio Castillo Rivas', '84', NULL, NULL, 'root', NULL),
('CARE870706@hotmail.com', 'Edith Berenitze Calvillo Ramirez', '58', NULL, NULL, 'root', NULL),
('CATJ800217@hotmail.com', 'Jorge Ivan Carrillo Tellez', '55', NULL, NULL, 'root', NULL),
('CAVM560102@hotmail.com', 'Macario Camacho Valdez', '59', NULL, NULL, 'root', NULL),
('CAVS680901@hotmail.com', 'Silvia Lucila Chávez Valdez', '77', NULL, NULL, 'root', NULL),
('CEBL641209@hotmail.com', 'Luis Ceballos Barragán', '86', NULL, NULL, 'root', NULL),
('CECD550401@hotmail.com', 'María Dolores Cervantes Cadena', '12', NULL, NULL, 'root', NULL),
('CEEV640206@hotmail.com', 'Victor Manuel Cedillo Estrada', '31', NULL, NULL, 'root', NULL),
('CEGG770409@hotmail.com', 'Gloria Araceli Cedillo González', '85', NULL, NULL, 'root', NULL),
('CEMJ490521@hotmail.com', 'Jaime Celis Méndez', '41', NULL, NULL, 'root', NULL),
('CEPP650317@hotmail.com', 'Patricia Cervantes Pérez', '33', NULL, NULL, 'root', NULL),
('CEQI610121@hotmail.com', 'María Ines Centeno Quintanar', '4', NULL, NULL, 'root', NULL),
('CICM700907@hotmail.com', 'María Mireya Cristino Castillo', '7', NULL, NULL, 'root', NULL),
('CIDP680624@hotmail.com', 'Patricia Ramona Cisneros Díaz', '13', NULL, NULL, 'root', NULL),
('COAM650109@hotmail.com', 'Miguel Ángel Correa Ascencio', '22', NULL, NULL, 'root', NULL),
('COGX700718@hotmail.com', 'María Eugenia Contreras Gallardo', '85', NULL, NULL, 'root', NULL),
('COJD560226@hotmail.com', 'Denise Córdova Just', '101', NULL, NULL, 'root', NULL),
('COMS580919@hotmail.com', 'José Salvador Contreras Mascota', '22', NULL, NULL, 'root', NULL),
('COPJ590902@hotmail.com', 'Julian Cordero Pérez', '20', NULL, NULL, 'root', NULL),
('COSL680114@hotmail.com', 'María de Lourdes Correa Saldaña', '52', NULL, NULL, 'root', NULL),
('COVC500403@hotmail.com', 'María Cristina Colín Villanueva', '76', NULL, NULL, 'root', NULL),
('CUAE610405@hotmail.com', 'Emilio Alberto Cruz Aguirre', '62', NULL, NULL, 'root', NULL),
('CUBB650629@hotmail.com', 'Blanca Estela Cuevas Bribiesca', '1', NULL, NULL, 'root', NULL),
('CUDJ700330@hotmail.com', 'José Juan Cruz Durán ', '25', NULL, NULL, 'root', NULL),
('CUPA641214@hotmail.com', 'Alejandro Cruz Paniagua', '39', NULL, NULL, 'root', NULL),
('CUPS631212@hotmail.com', 'Sonia Elizabeth Cruz Pérez', '19', NULL, NULL, 'root', NULL),
('CURE671008@hotmail.com', 'María Eugenia Cruz Reyes', '32', NULL, NULL, 'root', NULL),
('CUVA600612@hotmail.com', 'Aida Cruz Vega', '54', NULL, NULL, 'root', NULL),
('DEAV540628@hotmail.com', 'Víctor Manuel Delgado Arellano', '86', NULL, NULL, 'root', NULL),
('DOAS541112@hotmail.com', 'Samuel Dorantes Álvarez', '41', NULL, NULL, 'root', NULL),
('DUMJ520111@hotmail.com', 'Juana Leydy Yadira Duarte Mena', '35', NULL, NULL, 'root', NULL),
('DUVM620927@hotmail.com', 'Mónica Durán Velasco', '22', NULL, NULL, 'root', NULL),
('EAGC770416@hotmail.com', 'Carolina Estrada García', '2', NULL, NULL, 'root', NULL),
('EAMM710909@hotmail.com', 'Martha Escalante Morales', '97', NULL, NULL, 'root', NULL),
('EARG821010@hotmail.com', 'Georgina Irasema Estrada Rivera', '68', NULL, NULL, 'root', NULL),
('EEBA650625@hotmail.com', 'Alma Araceli Erceg Bravo', '20', NULL, NULL, 'root', NULL),
('EEGG660911@hotmail.com', 'Graciela Erreguín González', '14', NULL, NULL, 'root', NULL),
('EEUS570818@hotmail.com', 'Sergio Federico Eckstein Ugarte', '85', NULL, NULL, 'root', NULL),
('EIGL470116@hotmail.com', 'Lucas Encinas García ', '6', NULL, NULL, 'root', NULL),
('EILJ440328@hotmail.com', 'Juana Mercedes Espinosa Lara', '22', NULL, NULL, 'root', NULL),
('EIVA450412@hotmail.com', 'Albertina Espinoza Venegas', '25', NULL, NULL, 'root', NULL),
('EIVI600524@hotmail.com', 'José Isaías Enríquez Vicente', '29', NULL, NULL, 'root', NULL),
('EUMA630826@hotmail.com', 'Adolfo Esquivel Martínez', '56', NULL, NULL, 'root', NULL),
('FAGA530612@hotmail.com', 'Armando Frausto Guerrero', '39', NULL, NULL, 'root', NULL),
('FAGJ781015@hotmail.com', 'Jesús Franco Gómez', '42', NULL, NULL, 'root', NULL),
('FARM481129@hotmail.com', 'Miguel Franco Romano', '77', NULL, NULL, 'root', NULL),
('FATE610606@hotmail.com', 'Enrique Frasco Tapia', '62', NULL, NULL, 'root', NULL),
('FERA561101@hotmail.com', 'Ángela Félix Reyes', '74', NULL, NULL, 'root', NULL),
('FETD600118@hotmail.com', 'Dionisio Salomon Fernández Tapia', '45', NULL, NULL, 'root', NULL),
('FOBF680603@hotmail.com', 'María Francisca Flores Bárcenas ', '27', NULL, NULL, 'root', NULL),
('FOGR691218@hotmail.com', 'Rubén Fonseca Gutiérrez', '90', NULL, NULL, 'root', NULL),
('FOLD600328@hotmail.com', 'Dora María Fonseca López', '52', NULL, NULL, 'root', NULL),
('FOMS580218@hotmail.com', 'Sergio Flores Meza', '34', NULL, NULL, 'root', NULL),
('GAAA630612@hotmail.com', 'Antonio García Aguilar', '31', NULL, NULL, 'root', NULL),
('GAAJ580420@hotmail.com', 'Jorge García Ángeles', '30', NULL, NULL, 'root', NULL),
('GAAN560517@hotmail.com', 'Nadia Garín Aguilar', '39', NULL, NULL, 'root', NULL),
('GAAP490622@hotmail.com', 'Paulino García  Altamirano', '22', NULL, NULL, 'root', NULL),
('GAAS600109@hotmail.com', 'Silva Gallegos  Alcantara', '40', NULL, NULL, 'root', NULL),
('GABJ630131@hotmail.com', 'Juan Manuel García Barrios', '3', NULL, NULL, 'root', NULL),
('GABR450924@hotmail.com', 'Rubén Joel García Barajas', '34', NULL, NULL, 'root', NULL),
('GACG621104@hotmail.com', 'Gonzalo Galvez Coyt', '41', NULL, NULL, 'root', NULL),
('GACH581217@hotmail.com', 'Héctor Hugo García Castillo', '79', NULL, NULL, 'root', NULL),
('GACI590603@hotmail.com', 'José Isaac García Carmona', '89', NULL, NULL, 'root', NULL),
('GACI730704@hotmail.com', 'Isabel Angélica Gayosso de la Cruz', '41', NULL, NULL, 'root', NULL),
('GACJ570530@hotmail.com', 'Jorge Gallegos Contreras', '38', NULL, NULL, 'root', NULL),
('GACJ590822@hotmail.com', 'Javier Galván Chávez', '40', NULL, NULL, 'root', NULL),
('GACM710712@hotmail.com', 'María Martha García Coronado', '56', NULL, NULL, 'root', NULL),
('GADF790414@hotmail.com', 'Fabiola García Durán', '89', NULL, NULL, 'root', NULL),
('GAGA651215@hotmail.com', 'Arturo García González', '1', NULL, NULL, 'root', NULL),
('GAGE930619@hotmail.com', 'Ernesto Saúl Galván González', '96', NULL, NULL, 'root', NULL),
('GAGL620822@hotmail.com', 'María de Lourdes Galicia Galicia', '52', NULL, NULL, 'root', NULL),
('GAHE570925@hotmail.com', 'Engracia Mireya García Hernández', '6', NULL, NULL, 'root', NULL),
('GAHF630822@hotmail.com', 'Filiberto García Hernández', '8', NULL, NULL, 'root', NULL),
('GAHG471123@hotmail.com', 'Gabriel García Hernández', '4', NULL, NULL, 'root', NULL),
('GAJJ611026@hotmail.com', 'Jaime Ernesto García Jiménez', '40', NULL, NULL, 'root', NULL),
('GALL661221@hotmail.com', 'María de Lourdes García López', '61', NULL, NULL, 'root', NULL),
('GAMC530827@hotmail.com', 'Cesárea Rosa María Garduño Mendieta', '33', NULL, NULL, 'root', NULL),
('GAPC680404@hotmail.com', 'Claudia Garces Peñaloza', '1', NULL, NULL, 'root', NULL),
('GARJ640319@hotmail.com', 'Juan José García Rivera', '6', NULL, NULL, 'root', NULL),
('GARV801005@hotmail.com', 'Viridiana Karina García Romero', '1', NULL, NULL, 'root', NULL),
('GASA810421@hotmail.com', 'Annel Galicia San Miguel', '22', NULL, NULL, 'root', NULL),
('GAVS530520@hotmail.com', 'Silvia Galicia Villanueva', '25', NULL, NULL, 'root', NULL),
('GAVT670924@hotmail.com', 'María Teresa García Vázquez', '89', NULL, NULL, 'root', NULL),
('GAXG691204@hotmail.com', 'Gustavo Galicia Xolalpa', '22', NULL, NULL, 'root', NULL),
('GIGJ590910@hotmail.com', 'Julia Grijalva García', '22', NULL, NULL, 'root', NULL),
('GOAM910530@hotmail.com', 'Mario Iván González Abad', '24', NULL, NULL, 'root', NULL),
('GOCA520427@hotmail.com', 'Ma. Anastasia Mónica Gordiano Cervantes', '4', NULL, NULL, 'root', NULL),
('GOCJ540509@hotmail.com', 'Jorge Gómez Contreras', '85', NULL, NULL, 'root', NULL),
('GOCL610302@hotmail.com', 'Luis Alfonso Godinez Contreras', '29', NULL, NULL, 'root', NULL),
('GODA750831@hotmail.com', 'Alberto Jorge González Díaz', '76', NULL, NULL, 'root', NULL),
('GOEE930613@hotmail.com', 'Erick Gordillo Escobar ', '75', NULL, NULL, 'root', NULL),
('GOFA671026@hotmail.com', 'Adolfo Gómez Flores', '38', NULL, NULL, 'root', NULL),
('GOHG580525@hotmail.com', 'Gregorio Gómez Hernández', '39', NULL, NULL, 'root', NULL),
('GOHL460918@hotmail.com', 'Luis Arturo González Hernández', '56', NULL, NULL, 'root', NULL),
('GOLU570429@hotmail.com', 'José Luis González ', '31', NULL, NULL, 'root', NULL),
('GOMJ590712@hotmail.com', 'Juana González Monroy', '40', NULL, NULL, 'root', NULL),
('GOML560209@hotmail.com', 'María Luisa González Moreno', '49', NULL, NULL, 'root', NULL),
('GOMV580325@hotmail.com', 'Vicente Hugo González Majul', '5', NULL, NULL, 'root', NULL),
('GOPF630603@hotmail.com', 'Felipe González Pérez', '23', NULL, NULL, 'root', NULL),
('GOPP651210@hotmail.com', 'María Patricia Godínez Pavón', '29', NULL, NULL, 'root', NULL),
('GORA611230@hotmail.com', 'Abel Gonzalez Reyes', '20', NULL, NULL, 'root', NULL),
('GORJ580113@hotmail.com', 'Juan Carlos González Robles', '49', NULL, NULL, 'root', NULL),
('GOVA480616@hotmail.com', 'Aurelio Gómez Velázquez', '32', NULL, NULL, 'root', NULL),
('GOVN621207@hotmail.com', 'Norma Angélica Godínez Vallejo', '81', NULL, NULL, 'root', NULL),
('GOZA600901@hotmail.com', 'Artemio González Zamudio', '53', NULL, NULL, 'root', NULL),
('GUAJ850112@hotmail.com', 'Jazmín Guerra Alcántara', '67', NULL, NULL, 'root', NULL),
('GUAV770529@hotmail.com', 'Vianey Guerra Alcantara', '95', NULL, NULL, 'root', NULL),
('GUCE590602@hotmail.com', 'Maria Eugenia Gutiérrez Castillo', '64', NULL, NULL, 'root', NULL),
('GUCY710615@hotmail.com', 'Yolanda Gutiérrez Cárdenas', '25', NULL, NULL, 'root', NULL),
('GUDE820907@hotmail.com', 'Edgar René Guzmán Delgado', '12', NULL, NULL, 'root', NULL),
('GUGC640225@hotmail.com', 'Cesareo Guillén García', '25', NULL, NULL, 'root', NULL),
('GUGM570426@hotmail.com', 'Marcelino Guzmán Gallardo', '28', NULL, NULL, 'root', NULL),
('GUHE740114@hotmail.com', 'Erika Gutiérrez Hernández', '5', NULL, NULL, 'root', NULL),
('GUHL810712@hotmail.com', 'Luis Paul Gutiérrez Hernández', '67', NULL, NULL, 'root', NULL),
('GUIF610129@hotmail.com', 'Fernando Martín Guerra Infante', '22', NULL, NULL, 'root', NULL),
('GULR860123@hotmail.com', 'Roberto Antonio Guzmán León', '62', NULL, NULL, 'root', NULL),
('GUMG560331@hotmail.com', 'Gloria Gutierrez Menchaca', '39', NULL, NULL, 'root', NULL),
('GUPE640521@hotmail.com', 'Elías Gutiérrez Páramo', '52', NULL, NULL, 'root', NULL),
('GUPS640707@hotmail.com', 'Silvino Guerrero Peña', '88', NULL, NULL, 'root', NULL),
('GURJ720122@hotmail.com', 'Jorge Alberto Gutiérrez Ramírez', '37', NULL, NULL, 'root', NULL),
('GUSJ751114@hotmail.com', 'Juan Manuel Guzmán Salas', '49', NULL, NULL, 'root', NULL),
('GUSV811105@hotmail.com', 'María Vianey Gudiño Sánchez', '1', NULL, NULL, 'root', NULL),
('GUTA410412@hotmail.com', 'Armando Guerra Trejo', '22', NULL, NULL, 'root', NULL),
('GUTF561129@hotmail.com', 'Filomeno Gutiérrez Toribio', '80', NULL, NULL, 'root', NULL),
('HALM580923@hotmail.com', 'José Manuel Hallen López', '34', NULL, NULL, 'root', NULL),
('HEAJ480905@hotmail.com', 'Jesús Herrnández Almaguer', '39', NULL, NULL, 'root', NULL),
('HEBP580102@hotmail.com', 'Patricia Hernández Balderas', '74', NULL, NULL, 'root', NULL),
('HEGB680314@hotmail.com', 'Benito Hernández García', '23', NULL, NULL, 'root', NULL),
('HEGJ590310@hotmail.com', 'Juana Hernández Gutiérrez', '10', NULL, NULL, 'root', NULL),
('HEGL560415@hotmail.com', 'Luis Héctor Hernández Gómez', '30', NULL, NULL, 'root', NULL),
('HEGP610330@hotmail.com', 'Pedro Roberto Hernández García', '2', NULL, NULL, 'root', NULL),
('HEGR450905@hotmail.com', 'Rosa Isabel Hernández Gómez', '32', NULL, NULL, 'root', NULL),
('HEGU731014@hotmail.com', 'Ubaldo Hernández Gutiérrez', '59', NULL, NULL, 'root', NULL),
('HEHS611127@hotmail.com', 'Santa Adriana Hernandez Hernandez', '24', NULL, NULL, 'root', NULL),
('HEIM680226@hotmail.com', 'Martha Hernández Iturriaga ', '27', NULL, NULL, 'root', NULL),
('HELI891227@hotmail.com', 'Itzel Marisol Hernández Luis', '26', NULL, NULL, 'root', NULL),
('HEMA760104@hotmail.com', 'Ana Laura Hernández Medina', '45', NULL, NULL, 'root', NULL),
('HEMP610409@hotmail.com', 'Patricia Hernández Monsalvo', '1', NULL, NULL, 'root', NULL),
('HERA631206@hotmail.com', 'Alicia Hernández Ramírez', '99', NULL, NULL, 'root', NULL),
('HERF391001@hotmail.com', 'Francisco Hernández Rangel', '30', NULL, NULL, 'root', NULL),
('HESR530831@hotmail.com', 'Ramón Herrera Segovia', '20', NULL, NULL, 'root', NULL),
('HEVO590818@hotmail.com', 'Othón Enrique Herrera Villegas', '22', NULL, NULL, 'root', NULL),
('HUAE800531@hotmail.com', 'Edgar Hurtado Ávila', '23', NULL, NULL, 'root', NULL),
('HUAF470205@hotmail.com', 'Felipe Placido Hueramo Acosta', '24', NULL, NULL, 'root', NULL),
('HUGF680607@hotmail.com', 'José Francisco Huerta Gutiérrez', '8', NULL, NULL, 'root', NULL),
('IACA610703@hotmail.com', 'Ana María Islas Cortes', '35', NULL, NULL, 'root', NULL),
('IANE820517@hotmail.com', 'Nereyda Guadalupe Ibarra', '59', NULL, NULL, 'root', NULL),
('IAOV730304@hotmail.com', 'Víctor Manuel Islas Olivos', '86', NULL, NULL, 'root', NULL),
('IAPE721117@hotmail.com', 'Enedelia Ibarra Pineda', '87', NULL, NULL, 'root', NULL),
('IIAY431021@hotmail.com', 'Yolanda Iriarte Arteaga', '23', NULL, NULL, 'root', NULL),
('JAVD540613@hotmail.com', 'David Jaramillo Vigueras', '50', NULL, NULL, 'root', NULL),
('JEHJ620923@hotmail.com', 'Joselito Abilio de Jesús Herrera', '34', NULL, NULL, 'root', NULL),
('JICJ500418@hotmail.com', 'Jorge Jiménez Cervantes', '4', NULL, NULL, 'root', NULL),
('JIGF420129@hotmail.com', 'Felipe Ignacio Jiménez García', '22', NULL, NULL, 'root', NULL),
('JIMA610709@hotmail.com', 'Alejandra Jiménez Méndez', '3', NULL, NULL, 'root', NULL),
('JIMI631018@hotmail.com', 'Ignacio Jiménez Martínez', '29', NULL, NULL, 'root', NULL),
('JIPG660523@hotmail.com', 'Guadalupe Jiménez Pérez', '34', NULL, NULL, 'root', NULL),
('JUBD720623@hotmail.com', 'Dulce María Juárez Banda', '51', NULL, NULL, 'root', NULL),
('JULF841004@hotmail.com', 'Francisco Juanes Loera', '43', NULL, NULL, 'root', NULL),
('JULM671105@hotmail.com', 'Ma. Isabel Juárez Lara', '77', NULL, NULL, 'root', NULL),
('JUMM651228@hotmail.com', 'María Martha Juárez Morales', '77', NULL, NULL, 'root', NULL),
('JUSM570722@hotmail.com', 'Magdaleno Rafael Juárez Sánchez', '85', NULL, NULL, 'root', NULL),
('KEML370228@hotmail.com', 'Leonel Kelly Mexia', '39', NULL, NULL, 'root', NULL),
('LIFM570506@hotmail.com', 'Magdalena Licona Flores', '6', NULL, NULL, 'root', NULL),
('LOAA770303@hotmail.com', 'Adaluz López Ángeles', '36', NULL, NULL, 'root', NULL),
('LOAP630409@hotmail.com', 'Pedro Antonio Loyola Abitia', '22', NULL, NULL, 'root', NULL),
('LOCS670617@hotmail.com', 'Salvador López Chávez', '39', NULL, NULL, 'root', NULL),
('LOFT610501@hotmail.com', 'María Teresa López  Flores', '4', NULL, NULL, 'root', NULL),
('LOGE810825@hotmail.com', 'Esmirna Concepción López Gallegos', '98', NULL, NULL, 'root', NULL),
('LORC630708@hotmail.com', 'Corina López Rangel', '22', NULL, NULL, 'root', NULL),
('LORJ690319@hotmail.com', 'José López Ríos', '56', NULL, NULL, 'root', NULL),
('LOUS630530@hotmail.com', 'SiIvia Rosa Lopeandia Urbina', '87', NULL, NULL, 'root', NULL),
('LOVS570524@hotmail.com', 'Susana López Valenzuela', '21', NULL, NULL, 'root', NULL),
('MAAC530822@hotmail.com', 'Carlos Martínez Álvarez', '62', NULL, NULL, 'root', NULL),
('MAAO560123@hotmail.com', 'Olivia MartÍnez Abad', '3', NULL, NULL, 'root', NULL),
('MABV750223@hotmail.com', 'Víctor Alberto Martínez Bautista', '82', NULL, NULL, 'root', NULL),
('MACJ590327@hotmail.com', 'Juan Raymundo Mayorga Cervantes', '36', NULL, NULL, 'root', NULL),
('MACM640411@hotmail.com', 'María Magdalena Martínez Carrillo', '67', NULL, NULL, 'root', NULL),
('MADG430608@hotmail.com', 'Gildardo Carlos Magdaleno Domínguez', '38', NULL, NULL, 'root', NULL),
('MAFE621217@hotmail.com', 'Everardo Elías Martinez Flores', '2', NULL, NULL, 'root', NULL),
('MAFJ450121@hotmail.com', 'José Madrid Flores', '102', NULL, NULL, 'root', NULL),
('MAFV600123@hotmail.com', 'Victor Manuel Martínez Fuentes', '38', NULL, NULL, 'root', NULL),
('MAGG600807@hotmail.com', 'Gabino Alberto Martínez Gutiérrez', '62', NULL, NULL, 'root', NULL),
('MAGJ460629@hotmail.com', 'Josefina Martínez Guzmán', '25', NULL, NULL, 'root', NULL),
('MAGJ611102@hotmail.com', 'Juan Carlos Mares Gutiérrez', '22', NULL, NULL, 'root', NULL),
('MAIU850513@hotmail.com', 'Uriel Martínez Islas', '11', NULL, NULL, 'root', NULL),
('MAJV541230@hotmail.com', 'Venustiano Martinez Jimenez', '25', NULL, NULL, 'root', NULL),
('MALA861025@hotmail.com', 'Alejandra Danae Martínez López', '94', NULL, NULL, 'root', NULL),
('MALS631205@hotmail.com', 'Sandra Carolina Marín López', '52', NULL, NULL, 'root', NULL),
('MAMR670830@hotmail.com', 'Ramón Leonardo Martínez Montes', '34', NULL, NULL, 'root', NULL),
('MAMS570302@hotmail.com', 'María Susana Martínez Morales', '30', NULL, NULL, 'root', NULL),
('MANK750818@hotmail.com', 'Karol Angélica Marín Nova', '71', NULL, NULL, 'root', NULL),
('MAOA620915@hotmail.com', 'Ma. de los Ángeles Martínez Ortega', '36', NULL, NULL, 'root', NULL),
('MAPD850325@hotmail.com', 'Dalia Martínez Próspero', '26', NULL, NULL, 'root', NULL),
('MAPG741025@hotmail.com', 'Gabino Martínez Pérez', '53', NULL, NULL, 'root', NULL),
('MAPM660426@hotmail.com', 'Miriam Martínez Pradel', '15', NULL, NULL, 'root', NULL),
('MAPO581026@hotmail.com', 'Olga Goretty Mandujano Pérez', '58', NULL, NULL, 'root', NULL),
('MARA810111@hotmail.com', 'Álvaro Martínez Reyes', '62', NULL, NULL, 'root', NULL),
('MARL600702@hotmail.com', 'Luis Manuel Martínez Reyes', '1', NULL, NULL, 'root', NULL),
('MARR450109@hotmail.com', 'Rogelio Maldonado Rodríguez', '22', NULL, NULL, 'root', NULL),
('MARR730921@hotmail.com', 'Rosario Márquez Ramírez', '93', NULL, NULL, 'root', NULL),
('MARS461224@hotmail.com', 'Salvador Mata Ramírez', '89', NULL, NULL, 'root', NULL),
('MASC731120@hotmail.com', 'Carolina  Mares Sandoval', '4', NULL, NULL, 'root', NULL),
('MASO581005@hotmail.com', 'Sofía Macías ', '68', NULL, NULL, 'root', NULL),
('MATP810925@hotmail.com', 'Pablo Ricardo Martínez Téllez', '46', NULL, NULL, 'root', NULL),
('MAVH550316@hotmail.com', 'Heriberto Efrén Maldonado Victoria', '38', NULL, NULL, 'root', NULL),
('MEBC660713@hotmail.com', 'Cesar Miguel Mejía Barradas', '39', NULL, NULL, 'root', NULL),
('MECE501109@hotmail.com', 'María Estela Melendez Camargo', '22', NULL, NULL, 'root', NULL),
('MECV841214@hotmail.com', 'Verónica Medina Corral', '56', NULL, NULL, 'root', NULL),
('MEDC870705@hotmail.com', 'Claudia del Carmen Mendoza Delgado', '42', NULL, NULL, 'root', NULL),
('MEER810505@hotmail.com', 'Ricardo Medel Esquivel', '53', NULL, NULL, 'root', NULL),
('MEGC640919@hotmail.com', 'Concepción Mejía García', '29', NULL, NULL, 'root', NULL),
('MEGS581117@hotmail.com', 'Salvador Ricardo Meneses González', '30', NULL, NULL, 'root', NULL),
('MERA550906@hotmail.com', 'Arturo Méndez Romero', '53', NULL, NULL, 'root', NULL),
('MESL420327@hotmail.com', 'José Luis Mejía Soler', '29', NULL, NULL, 'root', NULL),
('MITI600219@hotmail.com', 'Ignacio Minjares Tarazena', '49', NULL, NULL, 'root', NULL),
('MOAC651030@hotmail.com', 'Carlos Moreno Ayala', '22', NULL, NULL, 'root', NULL),
('MOAC701121@hotmail.com', 'Claudia Adriana Moreno Arenas', '38', NULL, NULL, 'root', NULL),
('MOAJ631206@hotmail.com', 'Ma. Julia Morales Álvarez', '77', NULL, NULL, 'root', NULL),
('MOAS610429@hotmail.com', 'Sofía Beatríz Moreno Acosta', '23', NULL, NULL, 'root', NULL),
('MOCB620227@hotmail.com', 'Baldomero Morales Campos', '21', NULL, NULL, 'root', NULL),
('MOCE800511@hotmail.com', 'Esthela Moreno Chapa', '47', NULL, NULL, 'root', NULL),
('MOGR571111@hotmail.com', 'Rodrigo Mondragón Guzmán', '37', NULL, NULL, 'root', NULL),
('MOHV680927@hotmail.com', 'Verónica Morales Hernández', '104', NULL, NULL, 'root', NULL),
('MOIR590502@hotmail.com', 'Ricardo Moreno Ibarra', '66', NULL, NULL, 'root', NULL),
('MOLP601009@hotmail.com', 'Pablo Monjarás López', '83', NULL, NULL, 'root', NULL),
('MOMA530924@hotmail.com', 'Alfonso Morales Martínez', '9', NULL, NULL, 'root', NULL),
('MOMA540122@hotmail.com', 'Armando Morales Meza', '27', NULL, NULL, 'root', NULL),
('MORA621123@hotmail.com', 'Alma Delia Morán Ruíz', '26', NULL, NULL, 'root', NULL),
('MORA640123@hotmail.com', 'Arturo Moreno Reyes', '9', NULL, NULL, 'root', NULL),
('MORA740726@hotmail.com', 'Ana Aurora Montoya Ramírez', '37', NULL, NULL, 'root', NULL),
('MORC551103@hotmail.com', 'Carlos Fernando Montes de Oca Rasgado', '2', NULL, NULL, 'root', NULL),
('MORE680104@hotmail.com', 'Eva Moreno Reyes', '85', NULL, NULL, 'root', NULL),
('MORJ410214@hotmail.com', 'Juan Bautista Morales Rodriguez', '40', NULL, NULL, 'root', NULL),
('MOSF661214@hotmail.com', 'Fernando Javier Montes de Oca Segura', '84', NULL, NULL, 'root', NULL),
('MOVG601118@hotmail.com', 'María Guadalupe Morales Vázquez', '74', NULL, NULL, 'root', NULL),
('NACF571118@hotmail.com', 'Francisco  Nava Cervantes', '22', NULL, NULL, 'root', NULL),
('NAHG510514@hotmail.com', 'Gerardo Bonifacio Nava Hernandez', '24', NULL, NULL, 'root', NULL),
('NAMJ870131@hotmail.com', 'Joaquín Alejandro Nares Miller', '8', NULL, NULL, 'root', NULL),
('NARR700417@hotmail.com', 'María del Rosario Nájera Ramírez', '24', NULL, NULL, 'root', NULL),
('NEEL730512@hotmail.com', 'Laura Alicia Neyra Estrada', '7', NULL, NULL, 'root', NULL),
('NERM870525@hotmail.com', 'María Monserrat Neria Reyes', '43', NULL, NULL, 'root', NULL),
('NOVJ720424@hotmail.com', 'Jorge Noriega Villa', '61', NULL, NULL, 'root', NULL),
('NURA470505@hotmail.com', 'María de los Ángeles Núñez Robles', '34', NULL, NULL, 'root', NULL),
('OELE810505@hotmail.com', 'Edgar Josué Ojeda Layseca', '8', NULL, NULL, 'root', NULL),
('OIRA730527@hotmail.com', 'Alfredo Erasto Ortiz Rodríguez', '94', NULL, NULL, 'root', NULL),
('OIRG550715@hotmail.com', 'Gloria Olivos Rosas', '82', NULL, NULL, 'root', NULL),
('OIVG660721@hotmail.com', 'Guillermina Isabel Oliva Vallejo', '30', NULL, NULL, 'root', NULL),
('OOLC571220@hotmail.com', 'Crisóforo Ordoñes López', '23', NULL, NULL, 'root', NULL),
('OORC880806@hotmail.com', 'Carolina Oropeza Ramírez', '88', NULL, NULL, 'root', NULL),
('OOSN660502@hotmail.com', 'Norma Marisol Ordoñez Sánchez', '94', NULL, NULL, 'root', NULL),
('OUDJ370713@hotmail.com', 'José Osuna Díaz', '36', NULL, NULL, 'root', NULL),
('OUFA850727@hotmail.com', 'Andrea Patricia Olguín Ferreira', '13', NULL, NULL, 'root', NULL),
('OUGU580124@hotmail.com', 'Ubaldo Olguín García', '9', NULL, NULL, 'root', NULL),
('PAGC570307@hotmail.com', 'Clotilde Prado García', '10', NULL, NULL, 'root', NULL),
('PAGI560421@hotmail.com', 'Ixtaccihuatl Alejandra Padilla García', '39', NULL, NULL, 'root', NULL),
('PALG831114@hotmail.com', 'María Guadalupe Parga López', '72', NULL, NULL, 'root', NULL),
('PAMI691010@hotmail.com', 'Irene Plata Monroy', '57', NULL, NULL, 'root', NULL),
('PAOA571102@hotmail.com', 'Ángel Francisco Paz Orzuna', '8', NULL, NULL, 'root', NULL),
('PAYO680604@hotmail.com', 'Orlando Palacios Yañez', '41', NULL, NULL, 'root', NULL),
('PECA340531@hotmail.com', 'Alberto Perez Calderón', '27', NULL, NULL, 'root', NULL),
('PEDH721121@hotmail.com', 'Héctor Peña Domínguez', '46', NULL, NULL, 'root', NULL),
('PELC600109@hotmail.com', 'Cecilia Yolanda Pérez López', '1', NULL, NULL, 'root', NULL),
('PELE580813@hotmail.com', 'María Elena Pérez Lucio', '14', NULL, NULL, 'root', NULL),
('PEME560514@hotmail.com', 'Enedino Pérez Mendoza', '39', NULL, NULL, 'root', NULL),
('PEMI611213@hotmail.com', 'Isaac Perusquia Medina', '22', NULL, NULL, 'root', NULL),
('PEMN701116@hotmail.com', 'Norma Angélica Pérez Moctezuma', '40', NULL, NULL, 'root', NULL),
('PEMV670605@hotmail.com', 'Venustiano Pérez Medina', '25', NULL, NULL, 'root', NULL),
('PEMV670606@hotmail.com', 'José Luis Ramírez Contreras ', '25', NULL, NULL, 'root', NULL),
('PEOE560828@hotmail.com', 'Eduardo Pérez Orta', '32', NULL, NULL, 'root', NULL),
('PEPJ550328@hotmail.com', 'Juan Alejandro Perales Pastrana', '38', NULL, NULL, 'root', NULL),
('PEPM451130@hotmail.com', 'Mauricio Pedraza Pérez', '31', NULL, NULL, 'root', NULL),
('PERJ440727@hotmail.com', 'Jorge Pérez Rosas', '31', NULL, NULL, 'root', NULL),
('PESL790811@hotmail.com', 'María de Lourdes Peregrino Sánchez', '7', NULL, NULL, 'root', NULL),
('PETS750209@hotmail.com', 'Sonia Mayra Pérez Tapia', '22', NULL, NULL, 'root', NULL),
('PEVM561221@hotmail.com', 'Martha Pérez Vargas', '105', NULL, NULL, 'root', NULL),
('PICA790917@hotmail.com', 'Arianna Arozibel Pineda Carrasco', '70', NULL, NULL, 'root', NULL),
('PISJ580125@hotmail.com', 'Juventino Pineda Sánchez', '39', NULL, NULL, 'root', NULL),
('POAE661230@hotmail.com', 'Enrique Portillo Arenas', '2', NULL, NULL, 'root', NULL),
('POMP800723@hotmail.com', 'Pablo Poo Mendieta', '85', NULL, NULL, 'root', NULL),
('POPG570126@hotmail.com', 'Graciela Portillo Padilla', '27', NULL, NULL, 'root', NULL),
('PUEG530218@hotmail.com', 'Griselda Puebla Espinosa', '24', NULL, NULL, 'root', NULL),
('PUMF820301@hotmail.com', 'Francisco Pulido Morales', '96', NULL, NULL, 'root', NULL),
('PURP650517@hotmail.com', 'Pascual Puebla Robles ', '21', NULL, NULL, 'root', NULL),
('QUDN750305@hotmail.com', 'Narda Araceli Quintana Diosdado', '100', NULL, NULL, 'root', NULL),
('QUHC650913@hotmail.com', 'María del Carmen Quiroz Herrera', '47', NULL, NULL, 'root', NULL),
('QUMR681113@hotmail.com', 'Rosa Isela Quiterio Martinez', '83', NULL, NULL, 'root', NULL),
('QUVH590512@hotmail.com', 'Hilda Jesús Quezada Villegas', '29', NULL, NULL, 'root', NULL),
('RAAA740815@hotmail.com', 'Alfredo Ramirez Arechar', '83', NULL, NULL, 'root', NULL),
('RAAD681019@hotmail.com', 'Diana Laura Ramírez Álvarez', '73', NULL, NULL, 'root', NULL),
('RABC690320@hotmail.com', 'Claudia Ramírez Brassetti', '33', NULL, NULL, 'root', NULL),
('RABP720605@hotmail.com', 'Papik Alfredo Ramirez Bernal', '68', NULL, NULL, 'root', NULL),
('RAGA691007@hotmail.com', 'Alicia Marcela Ramírez Guzmán', '102', NULL, NULL, 'root', NULL),
('RALT520821@hotmail.com', 'María Teresa Ramírez Landeros', '13', NULL, NULL, 'root', NULL),
('RAPF560820@hotmail.com', 'Florencio Enrique Ramírez Pérez', '34', NULL, NULL, 'root', NULL),
('RAPM631028@hotmail.com', 'Martín Ramírez Pérez', '31', NULL, NULL, 'root', NULL),
('RARC621127@hotmail.com', 'Catalina Ramos Ramos', '100', NULL, NULL, 'root', NULL),
('RARE551026@hotmail.com', 'Evaristo Gabino Ramírez Rojas', '22', NULL, NULL, 'root', NULL),
('RASF610711@hotmail.com', 'Fernando Ramírez Saavedra', '7', NULL, NULL, 'root', NULL),
('RASR710510@hotmail.com', 'Raquel Ramón Sosa ', '62', NULL, NULL, 'root', NULL),
('RAVM650728@hotmail.com', 'Ma. Victoria Rafael Valdivia', '30', NULL, NULL, 'root', NULL),
('REBS560910@hotmail.com', 'Sergio Rea Blanquet', '39', NULL, NULL, 'root', NULL),
('REGG611025@hotmail.com', 'Guadalupe del Socorro Reyes García', '96', NULL, NULL, 'root', NULL),
('REGJ420909@hotmail.com', 'Juan Ignacio Reyes García', '45', NULL, NULL, 'root', NULL),
('REGM590502@hotmail.com', 'Magdalena Reyes  García', '32', NULL, NULL, 'root', NULL),
('REHA740406@hotmail.com', 'Armando Reséndiz Hernández', '88', NULL, NULL, 'root', NULL),
('REIH830819@hotmail.com', 'Héctor Yair Reyes Izquierdo', '14', NULL, NULL, 'root', NULL),
('REMH610209@hotmail.com', 'Heriberto Reyes Mantilla', '27', NULL, NULL, 'root', NULL),
('RERF841114@hotmail.com', 'Flor Isela Retana Rentería', '61', NULL, NULL, 'root', NULL),
('RERN651110@hotmail.com', 'Noemí del Real Rodríguez', '102', NULL, NULL, 'root', NULL),
('RICF720523@hotmail.com', 'Francisco Alejandro Ríos Coria', '41', NULL, NULL, 'root', NULL),
('RIFJ621206@hotmail.com', 'Javier Rivera Flores', '45', NULL, NULL, 'root', NULL),
('RIHF580501@hotmail.com', 'Felipe Rivera Hernández', '8', NULL, NULL, 'root', NULL),
('RIJR571220@hotmail.com', 'Rosa María Ribas Jaimes', '22', NULL, NULL, 'root', NULL),
('RIRL780924@hotmail.com', 'Luis Rizo Ruíz', '57', NULL, NULL, 'root', NULL),
('RISJ410709@hotmail.com', 'Jorge Rivera Salcedo ', '25', NULL, NULL, 'root', NULL),
('RISR610808@hotmail.com', 'María del Rosario Rivera Samaniego', '68', NULL, NULL, 'root', NULL),
('ROAB630611@hotmail.com', 'Bernabe Rodríguez Almanza', '32', NULL, NULL, 'root', NULL),
('ROAJ530902@hotmail.com', 'Juan Romero Amaya', '19', NULL, NULL, 'root', NULL),
('ROCC730916@hotmail.com', 'Cornelio Romero Cruz', '36', NULL, NULL, 'root', NULL),
('ROCG600508@hotmail.com', 'Guillermo Romero Carsolio', '79', NULL, NULL, 'root', NULL),
('ROCL700110@hotmail.com', 'José Luis Tonatihu Rojas Castro', '3', NULL, NULL, 'root', NULL),
('ROCR620603@hotmail.com', 'Rubén Rosas Casados', '5', NULL, NULL, 'root', NULL),
('ROEO430714@hotmail.com', 'Oscar Rojas Espinosa', '22', NULL, NULL, 'root', NULL),
('ROGA651102@hotmail.com', 'Alfredo Rodríguez Gómez', '2', NULL, NULL, 'root', NULL),
('ROGA801023@hotmail.com', 'Alejandro Rojas Guzmán', '82', NULL, NULL, 'root', NULL),
('ROHI710319@hotmail.com', 'Ivonne Romo Hernández', '31', NULL, NULL, 'root', NULL),
('ROHL600403@hotmail.com', 'Lucía Román Hinojosa', '20', NULL, NULL, 'root', NULL),
('ROHL720825@hotmail.com', 'Luis Francisco Rodríguez Hernández', '29', NULL, NULL, 'root', NULL),
('ROHP740712@hotmail.com', 'María del Pilar Roa Hernández', '97', NULL, NULL, 'root', NULL),
('ROLA460505@hotmail.com', 'Ángel Rodríguez y Leyva', '22', NULL, NULL, 'root', NULL),
('ROLL520413@hotmail.com', 'José Luis Rosas López', '37', NULL, NULL, 'root', NULL),
('ROLP651211@hotmail.com', 'Pedro Rodríguez Luevano', '12', NULL, NULL, 'root', NULL),
('ROOD790509@hotmail.com', 'Dalia Rosas Olivos ', '94', NULL, NULL, 'root', NULL),
('ROOL570306@hotmail.com', 'Laura Felicitas Rodríguez Ortega', '3', NULL, NULL, 'root', NULL),
('ROOP561012@hotmail.com', 'María del Pilar Rodríguez Olmedo', '79', NULL, NULL, 'root', NULL),
('ROOR690527@hotmail.com', 'José Ramón Rodríguez Ojeda', '73', NULL, NULL, 'root', NULL),
('ROPA550531@hotmail.com', 'Ángel Rodríguez Paez', '85', NULL, NULL, 'root', NULL),
('ROPA880429@hotmail.com', 'Ana Montserrat Romero Paredes', '20', NULL, NULL, 'root', NULL),
('RORE650831@hotmail.com', 'Evangelina Rojas Rodríguez', '15', NULL, NULL, 'root', NULL),
('RORM630319@hotmail.com', 'Miguel Ángel Rodríguez Ruíz', '3', NULL, NULL, 'root', NULL),
('RORO370912@hotmail.com', 'Octavio Rojas Rodriguez', '24', NULL, NULL, 'root', NULL),
('RORR590111@hotmail.com', 'Rocío Rodas Ruíz', '19', NULL, NULL, 'root', NULL),
('RORS491127@hotmail.com', 'Santiago Rodríguez Rojas', '39', NULL, NULL, 'root', NULL),
('ROSA580505@hotmail.com', 'José Artemio Rodríguez Salas', '25', NULL, NULL, 'root', NULL),
('ROSL540909@hotmail.com', 'Laura Catalina Romero Sotomayor', '25', NULL, NULL, 'root', NULL),
('RUBM600910@hotmail.com', 'María Margarita Ruíz Badillo', '6', NULL, NULL, 'root', NULL),
('RUCR841028@hotmail.com', 'Ramón Octavio Ruíz Carlón', '70', NULL, NULL, 'root', NULL),
('RURA600723@hotmail.com', 'María Adoración Ruíz Ramírez', '34', NULL, NULL, 'root', NULL),
('RUZJ530430@hotmail.com', 'Jaime Roberto Ruíz y Zurvia Flores', '38', NULL, NULL, 'root', NULL),
('SAAM630318@hotmail.com', 'Moisés Sánchez Adame', '56', NULL, NULL, 'root', NULL),
('SABM670425@hotmail.com', 'Marcos Salazar Bolaños', '25', NULL, NULL, 'root', NULL),
('SABN621118@hotmail.com', 'Norma Ángelica Sánchez Barragán', '3', NULL, NULL, 'root', NULL),
('SACC820315@hotmail.com', 'Catalina Sánchez Castillo', '6', NULL, NULL, 'root', NULL),
('SACG371110@hotmail.com', 'Guadalupe Salinas Castillo', '25', NULL, NULL, 'root', NULL),
('SADC571215@hotmail.com', 'Carolina Margarita Sánchez Díaz', '4', NULL, NULL, 'root', NULL),
('SADV700522@hotmail.com', 'Víctor Manuel Salas Domínguez', '2', NULL, NULL, 'root', NULL),
('SAEB601008@hotmail.com', 'María Beatriz Sánchez Estrada', '39', NULL, NULL, 'root', NULL),
('SAGG641221@hotmail.com', 'Germán Adalberto Sandoval Gonzalez', '11', NULL, NULL, 'root', NULL),
('SAHF780227@hotmail.com', 'Fanny Sauza Hernández', '76', NULL, NULL, 'root', NULL),
('SALJ650711@hotmail.com', 'Jorge Sánchez Leal', '3', NULL, NULL, 'root', NULL),
('SALL490808@hotmail.com', 'Luis Emilio Sánchez Licéaga', '15', NULL, NULL, 'root', NULL),
('SALM390114@hotmail.com', 'Macrino Sánchez Lara', '32', NULL, NULL, 'root', NULL),
('SALO680206@hotmail.com', 'Olga Alicia Sánchez López', '100', NULL, NULL, 'root', NULL),
('SALR400622@hotmail.com', 'Rafael Sánchez López', '30', NULL, NULL, 'root', NULL),
('SALU600601@hotmail.com', 'María de la Luz Santillán ', '7', NULL, NULL, 'root', NULL),
('SALV610526@hotmail.com', 'Victor Sandoval Lobato', '36', NULL, NULL, 'root', NULL),
('SAME770202@hotmail.com', 'María Esther Sánchez Marín', '11', NULL, NULL, 'root', NULL),
('SAMG560528@hotmail.com', 'Gloria Salgado Morgan', '11', NULL, NULL, 'root', NULL),
('SAMJ740319@hotmail.com', 'Josefina Sánchez Monroy', '2', NULL, NULL, 'root', NULL),
('SAMJ870323@hotmail.com', 'Juan Jesús Sánchez Marín', '78', NULL, NULL, 'root', NULL),
('SAML711230@hotmail.com', 'Luz María Sánchez Martínez', '23', NULL, NULL, 'root', NULL),
('SAOA620508@hotmail.com', 'Álvaro Sánchez Osuna', '32', NULL, NULL, 'root', NULL),
('SAPL540211@hotmail.com', 'Leobardo Sánchez Pimentel', '1', NULL, NULL, 'root', NULL),
('SAPM670320@hotmail.com', 'María Magdalena Salazar Páramo', '30', NULL, NULL, 'root', NULL),
('SARA500917@hotmail.com', 'Alberto Sandoval Romero', '27', NULL, NULL, 'root', NULL),
('SARE620826@hotmail.com', 'Enrique Salinas Rodríguez', '3', NULL, NULL, 'root', NULL),
('SARF761129@hotmail.com', 'Francisco Javier Sánchez Romero', '24', NULL, NULL, 'root', NULL),
('SARL560604@hotmail.com', 'Laura Patricia Salas  Salas Rangel', '22', NULL, NULL, 'root', NULL),
('SARM501017@hotmail.com', 'Margarita del Pilar Sam Rodríguez', '80', NULL, NULL, 'root', NULL),
('SARM610123@hotmail.com', 'Mauricio Darío Sánchez Ramos', '30', NULL, NULL, 'root', NULL),
('SASF660302@hotmail.com', 'José Federico Sánchez Sosa', '51', NULL, NULL, 'root', NULL),
('SATR610723@hotmail.com', 'María del Rosario Salinas Tobón', '22', NULL, NULL, 'root', NULL),
('SAZA451003@hotmail.com', 'Alfonso Salazar Zorrilla', '30', NULL, NULL, 'root', NULL),
('SEGB500831@hotmail.com', 'Blanca Rosa Servin Gonzalez', '103', NULL, NULL, 'root', NULL),
('SEPS580912@hotmail.com', 'María Sara Serrano Perez', '27', NULL, NULL, 'root', NULL),
('SERE560311@hotmail.com', 'Erik Gilberto Strevel Roche', '84', NULL, NULL, 'root', NULL),
('SIBM600702@hotmail.com', 'Mario Silva Barrera', '4', NULL, NULL, 'root', NULL),
('SIGG840712@hotmail.com', 'Gustavo Rodolfo Shields García ', '5', NULL, NULL, 'root', NULL),
('SIGT601109@hotmail.com', 'José Teodoro Silva García', '63', NULL, NULL, 'root', NULL),
('SILL681102@hotmail.com', 'Luis Enrique Sigler  Licona', '17', NULL, NULL, 'root', NULL),
('SISD970602@hotmail.com', 'Dante Mir Schmitter Sánchez', '22', NULL, NULL, 'root', NULL),
('SOAE590718@hotmail.com', 'Ezequiel Solis Araujo', '30', NULL, NULL, 'root', NULL),
('SOCR591028@hotmail.com', 'Rosa Gabriela Sotelo Candelaria', '22', NULL, NULL, 'root', NULL),
('SOGE490329@hotmail.com', 'Gerardo Sosa ', '34', NULL, NULL, 'root', NULL),
('SOGE650823@hotmail.com', 'Eleazar Sosa González', '13', NULL, NULL, 'root', NULL),
('SOMM790430@hotmail.com', 'Miriam Selene Somera Martinez', '98', NULL, NULL, 'root', NULL),
('SOOE761215@hotmail.com', 'Elizabeth Solis Ocampo', '78', NULL, NULL, 'root', NULL),
('SUAS530117@hotmail.com', 'Samuel Suazo Abarca', '41', NULL, NULL, 'root', NULL),
('SUCA511123@hotmail.com', 'Armando Suárez Caudillo', '9', NULL, NULL, 'root', NULL),
('TACT460218@hotmail.com', 'José Trinidad Tapia Cisneros', '31', NULL, NULL, 'root', NULL),
('TAMJ711204@hotmail.com', 'Javier Tadeo Márquez ', '87', NULL, NULL, 'root', NULL),
('TASA630119@hotmail.com', 'Adolfo Tapia Sánchez', '85', NULL, NULL, 'root', NULL),
('TAVL610516@hotmail.com', 'José Luis Tagle Vargas', '7', NULL, NULL, 'root', NULL),
('TEMA670502@hotmail.com', 'Alberto Trejo Moreno', '11', NULL, NULL, 'root', NULL),
('TEMG631204@hotmail.com', 'Ma. Guadalupe Trejo Martínez', '75', NULL, NULL, 'root', NULL),
('TOAF601224@hotmail.com', 'Francisco Javier Torres Argüelles', '41', NULL, NULL, 'root', NULL),
('TOBE620920@hotmail.com', 'Eduardo Torres Buenrostro', '39', NULL, NULL, 'root', NULL),
('TOEL840404@hotmail.com', 'Lizeth Araceli Toledo Escalante', '98', NULL, NULL, 'root', NULL),
('TOGA770224@hotmail.com', 'Alfredo Torres García', '37', NULL, NULL, 'root', NULL),
('TOLV710602@hotmail.com', 'Viridiana del Toro López', '69', NULL, NULL, 'root', NULL),
('TOMJ650420@hotmail.com', 'Joel Toledo Molano ', '49', NULL, NULL, 'root', NULL),
('TOMM430929@hotmail.com', 'Miguel Ángel Toledo Martínez', '30', NULL, NULL, 'root', NULL),
('TOOG450118@hotmail.com', 'José Guadalupe Torres  y Ortega', '31', NULL, NULL, 'root', NULL),
('TOPE551216@hotmail.com', 'María Eugenia Tome Pérez', '10', NULL, NULL, 'root', NULL),
('TORG630413@hotmail.com', 'Gloria Tovar Rojo', '22', NULL, NULL, 'root', NULL),
('TORM471203@hotmail.com', 'Mirta Araceli Toledo Rojas', '104', NULL, NULL, 'root', NULL),
('TORR491029@hotmail.com', 'Rebeca Tovar Ramírez', '40', NULL, NULL, 'root', NULL),
('VAAL680202@hotmail.com', 'María de Lourdes Valdes Alcantar', '22', NULL, NULL, 'root', NULL),
('VABA721101@hotmail.com', 'Araceli Vázquez Betancourt', '79', NULL, NULL, 'root', NULL),
('VADF430822@hotmail.com', 'Filiberto Vázquez Dávila', '22', NULL, NULL, 'root', NULL),
('VARA570908@hotmail.com', 'Adrián Valdez Rodríguez', '89', NULL, NULL, 'root', NULL),
('VARB570219@hotmail.com', 'Bersain Vázquez Rincón', '9', NULL, NULL, 'root', NULL),
('VARC580808@hotmail.com', 'María del Consuelo Vázquez Romero', '26', NULL, NULL, 'root', NULL),
('VATH760227@hotmail.com', 'Héctor Gilberto Gabriel Valencia Trujillo', '95', NULL, NULL, 'root', NULL),
('VEAE651027@hotmail.com', 'Eduardo Vega Alvarado', '49', NULL, NULL, 'root', NULL),
('VECG481101@hotmail.com', 'Gustavo Velázquez Corichi', '34', NULL, NULL, 'root', NULL),
('VECK781228@hotmail.com', 'Karina Vianey Vergara Camacho', '22', NULL, NULL, 'root', NULL),
('VEPS580519@hotmail.com', 'Saúl Vega Pérez', '33', NULL, NULL, 'root', NULL),
('VESG530225@hotmail.com', 'Guillermo Velazquez Samano', '39', NULL, NULL, 'root', NULL),
('VIAL571012@hotmail.com', 'José Luis Villareal Aguirre', '32', NULL, NULL, 'root', NULL),
('VIHA670801@hotmail.com', 'Alejandro Isauro Villagrán Hernández', '30', NULL, NULL, 'root', NULL),
('VINA780922@hotmail.com', 'Ana Laura Villalpando Nava', '30', NULL, NULL, 'root', NULL),
('VIRC600318@hotmail.com', 'Carmelo Villanueva Ruíz', '3', NULL, NULL, 'root', NULL),
('VIRE550813@hotmail.com', 'Enrique Villaseñor Rosas', '25', NULL, NULL, 'root', NULL),
('VISE630124@hotmail.com', 'Enrique Vignati Sánchez', '45', NULL, NULL, 'root', NULL),
('VISH570106@hotmail.com', 'Héctor Villanueva Silva', '15', NULL, NULL, 'root', NULL),
('XACR421024@hotmail.com', 'Rafael Xala Camacho', '34', NULL, NULL, 'root', NULL),
('XILS910302@hotmail.com', 'Sergio Yair Xicotencatl Llera', '75', NULL, NULL, 'root', NULL),
('ZACM620126@hotmail.com', 'Ma. Elena Zavala Castillo', '21', NULL, NULL, 'root', NULL),
('ZACR760228@hotmail.com', 'Rosario Angélica Zavala Candelaria', '38', NULL, NULL, 'root', NULL),
('ZAMR680730@hotmail.com', 'María del Rocío Zamora Mendoza', '29', NULL, NULL, 'root', NULL),
('ZASE420615@hotmail.com', 'Etelvina  Zavala Suárez', '39', NULL, NULL, 'root', NULL),
('ZEGV620728@hotmail.com', 'Victor Zepeda González', '30', NULL, NULL, 'root', NULL),
('ZUCM690919@hotmail.com', 'Mayra Elizabeth Zuñiga Coss', '30', NULL, NULL, 'root', NULL);

--
-- Índices para tablas volcadas
--

--
-- Indices de la tabla `medio_votacion`
--
ALTER TABLE `medio_votacion`
  ADD PRIMARY KEY (`post_email`,`email`,`numero`),
  ADD KEY `email` (`email`),
  ADD KEY `numero` (`numero`);

--
-- Indices de la tabla `postulante`
--
ALTER TABLE `postulante`
  ADD PRIMARY KEY (`post_email`,`sala_num`),
  ADD KEY `sala_num` (`sala_num`);

--
-- Indices de la tabla `sala_votacion`
--
ALTER TABLE `sala_votacion`
  ADD PRIMARY KEY (`numero`),
  ADD KEY `email_creador` (`email_creador`);

--
-- Indices de la tabla `votante`
--
ALTER TABLE `votante`
  ADD PRIMARY KEY (`email`);

--
-- AUTO_INCREMENT de las tablas volcadas
--

--
-- AUTO_INCREMENT de la tabla `sala_votacion`
--
ALTER TABLE `sala_votacion`
  MODIFY `numero` int(11) NOT NULL AUTO_INCREMENT, AUTO_INCREMENT=9;

--
-- Restricciones para tablas volcadas
--

--
-- Filtros para la tabla `medio_votacion`
--
ALTER TABLE `medio_votacion`
  ADD CONSTRAINT `medio_votacion_ibfk_1` FOREIGN KEY (`post_email`) REFERENCES `postulante` (`post_email`) ON DELETE CASCADE,
  ADD CONSTRAINT `medio_votacion_ibfk_2` FOREIGN KEY (`email`) REFERENCES `votante` (`email`) ON DELETE CASCADE ON UPDATE CASCADE,
  ADD CONSTRAINT `medio_votacion_ibfk_3` FOREIGN KEY (`numero`) REFERENCES `sala_votacion` (`numero`) ON DELETE CASCADE;

--
-- Filtros para la tabla `postulante`
--
ALTER TABLE `postulante`
  ADD CONSTRAINT `postulante_ibfk_1` FOREIGN KEY (`post_email`) REFERENCES `votante` (`email`) ON DELETE CASCADE,
  ADD CONSTRAINT `postulante_ibfk_2` FOREIGN KEY (`sala_num`) REFERENCES `sala_votacion` (`numero`) ON DELETE CASCADE;

--
-- Filtros para la tabla `sala_votacion`
--
ALTER TABLE `sala_votacion`
  ADD CONSTRAINT `sala_votacion_ibfk_1` FOREIGN KEY (`email_creador`) REFERENCES `votante` (`email`) ON DELETE CASCADE;
COMMIT;

/*!40101 SET CHARACTER_SET_CLIENT=@OLD_CHARACTER_SET_CLIENT */;
/*!40101 SET CHARACTER_SET_RESULTS=@OLD_CHARACTER_SET_RESULTS */;
/*!40101 SET COLLATION_CONNECTION=@OLD_COLLATION_CONNECTION */;
